<?xml version="1.0" encoding="UTF-8"?>
<document version="1.2.0">
  <chunks next_id="1" active_id="0">
    <chunk id="0" path="0/chunk.zip"/>
  </chunks>
  <meta>
    <property name="Info/LastSavedDateTime" value="2024:11:22 08:03:32"/>
    <property name="Info/LastSavedSoftwareVersion" value="2.1.3.18946"/>
    <property name="Info/OriginalDateTime" value="2024:11:22 07:57:40"/>
    <property name="Info/OriginalSoftwareName" value="Agisoft Metashape"/>
    <property name="Info/OriginalSoftwareVendor" value="Agisoft"/>
    <property name="Info/OriginalSoftwareVersion" value="2.1.3.18946"/>
    <property name="Project/AbsolutePaths" value="false"/>
  </meta>
</document>
