<?xml version="1.0" encoding="UTF-8"?>
<chunk version="1.2.0" label="Chunk 1" enabled="true">
  <sensors next_id="1">
    <sensor id="0" label="FC300X (3.61mm)" type="frame">
      <resolution width="4000" height="3000"/>
      <property name="pixel_width" value="0.0015619248125310003"/>
      <property name="pixel_height" value="0.0015619248125310003"/>
      <property name="focal_length" value="3.6099999999999999"/>
      <property name="layer_index" value="0"/>
      <bands>
        <band label="Red"/>
        <band label="Green"/>
        <band label="Blue"/>
      </bands>
      <data_type>uint8</data_type>
      <calibration type="frame" class="adjusted">
        <resolution width="4000" height="3000"/>
        <f>2311.2508176051215</f>
        <k1>-0.0020408013653555879</k1>
        <p1>-1.4353926032754969e-07</p1>
        <p2>-3.1343142961728549e-07</p2>
      </calibration>
      <location fixed="true">nan nan nan</location>
      <meta>
        <property name="Exif/Make" value="DJI"/>
        <property name="Exif/Model" value="FC300X"/>
        <property name="Exif/Software" value="v01.32.5432"/>
      </meta>
    </sensor>
  </sensors>
  <components next_id="0"/>
  <cameras next_id="333" next_group_id="0">
    <camera id="0" sensor_id="0" label="DJI_0001">
      <orientation>1</orientation>
      <reference x="21.0154862777778" y="52.247281000000001" z="93.406000000000006" yaw="270.09999999999997" pitch="65.600000000000009" roll="-0" enabled="true" rotation_enabled="false"/>
    </camera>
    <camera id="1" sensor_id="0" label="DJI_0002">
      <orientation>1</orientation>
      <reference x="21.015485111111101" y="52.247282361111097" z="93.105999999999995" yaw="269.70000000000005" pitch="65.600000000000009" roll="-0" enabled="true" rotation_enabled="false"/>
    </camera>
    <camera id="2" sensor_id="0" label="DJI_0003">
      <orientation>1</orientation>
      <reference x="21.015512083333299" y="52.247295222222199" z="93.006" yaw="269.70000000000005" pitch="65.600000000000009" roll="-0" enabled="true" rotation_enabled="false"/>
    </camera>
    <camera id="3" sensor_id="0" label="DJI_0004">
      <orientation>1</orientation>
      <reference x="21.015512749999999" y="52.247295277777802" z="91.305999999999997" yaw="269.80000000000001" pitch="65.600000000000009" roll="-0" enabled="true" rotation_enabled="false"/>
    </camera>
    <camera id="4" sensor_id="0" label="DJI_0005">
      <orientation>1</orientation>
      <reference x="21.015514249999999" y="52.247297083333301" z="89.906000000000006" yaw="269.70000000000005" pitch="65.600000000000009" roll="-0" enabled="true" rotation_enabled="false"/>
    </camera>
    <camera id="5" sensor_id="0" label="DJI_0006">
      <orientation>1</orientation>
      <reference x="21.015514638888899" y="52.247295861111098" z="88.105999999999995" yaw="269.80000000000001" pitch="65.600000000000009" roll="-0" enabled="true" rotation_enabled="false"/>
    </camera>
    <camera id="6" sensor_id="0" label="DJI_0007">
      <orientation>1</orientation>
      <reference x="21.015513305555601" y="52.2472964166667" z="86.605999999999995" yaw="269.70000000000005" pitch="65.600000000000009" roll="-0" enabled="true" rotation_enabled="false"/>
    </camera>
    <camera id="7" sensor_id="0" label="DJI_0008">
      <orientation>1</orientation>
      <reference x="21.0155148611111" y="52.247293166666701" z="84.906000000000006" yaw="270" pitch="65.600000000000009" roll="-0" enabled="true" rotation_enabled="false"/>
    </camera>
    <camera id="8" sensor_id="0" label="DJI_0009">
      <orientation>1</orientation>
      <reference x="21.015519611111099" y="52.247294888888902" z="83.006" yaw="270.19999999999999" pitch="65.600000000000009" roll="-0" enabled="true" rotation_enabled="false"/>
    </camera>
    <camera id="9" sensor_id="0" label="DJI_0010">
      <orientation>1</orientation>
      <reference x="21.015513527777799" y="52.247293333333303" z="81.605999999999995" yaw="270.09999999999997" pitch="65.600000000000009" roll="-0" enabled="true" rotation_enabled="false"/>
    </camera>
    <camera id="10" sensor_id="0" label="DJI_0011">
      <orientation>1</orientation>
      <reference x="21.015511833333299" y="52.247292777777801" z="80.206000000000003" yaw="270" pitch="65.600000000000009" roll="-0" enabled="true" rotation_enabled="false"/>
    </camera>
    <camera id="11" sensor_id="0" label="DJI_0012">
      <orientation>1</orientation>
      <reference x="21.015508499999999" y="52.247297250000003" z="78.805999999999997" yaw="270" pitch="65.600000000000009" roll="-0" enabled="true" rotation_enabled="false"/>
    </camera>
    <camera id="12" sensor_id="0" label="DJI_0013">
      <orientation>1</orientation>
      <reference x="21.0155130833333" y="52.247297472222201" z="77.506" yaw="270.09999999999997" pitch="65.600000000000009" roll="-0" enabled="true" rotation_enabled="false"/>
    </camera>
    <camera id="13" sensor_id="0" label="DJI_0014">
      <orientation>1</orientation>
      <reference x="21.0155130277778" y="52.247296444444402" z="76.105999999999995" yaw="270" pitch="65.600000000000009" roll="-0" enabled="true" rotation_enabled="false"/>
    </camera>
    <camera id="14" sensor_id="0" label="DJI_0015">
      <orientation>1</orientation>
      <reference x="21.0155185833333" y="52.2472969444444" z="74.105999999999995" yaw="270.29999999999995" pitch="65.600000000000009" roll="-0" enabled="true" rotation_enabled="false"/>
    </camera>
    <camera id="15" sensor_id="0" label="DJI_0016">
      <orientation>1</orientation>
      <reference x="21.015507972222199" y="52.2472960277778" z="72.406000000000006" yaw="270" pitch="65.600000000000009" roll="-0" enabled="true" rotation_enabled="false"/>
    </camera>
    <camera id="16" sensor_id="0" label="DJI_0017">
      <orientation>1</orientation>
      <reference x="21.01552075" y="52.2472915833333" z="71.406000000000006" yaw="270.09999999999997" pitch="65.600000000000009" roll="-0" enabled="true" rotation_enabled="false"/>
    </camera>
    <camera id="17" sensor_id="0" label="DJI_0018">
      <orientation>1</orientation>
      <reference x="21.015530138888899" y="52.2472641111111" z="71.406000000000006" yaw="275.69999999999999" pitch="65.600000000000009" roll="-0" enabled="true" rotation_enabled="false"/>
    </camera>
    <camera id="18" sensor_id="0" label="DJI_0019">
      <orientation>1</orientation>
      <reference x="21.015522555555599" y="52.247250833333297" z="71.506" yaw="282" pitch="65.600000000000009" roll="-0" enabled="true" rotation_enabled="false"/>
    </camera>
    <camera id="19" sensor_id="0" label="DJI_0020">
      <orientation>1</orientation>
      <reference x="21.015516388888901" y="52.247237583333302" z="71.006" yaw="300.5" pitch="65.600000000000009" roll="-0" enabled="true" rotation_enabled="false"/>
    </camera>
    <camera id="20" sensor_id="0" label="DJI_0021">
      <orientation>1</orientation>
      <reference x="21.015515611111098" y="52.247240027777799" z="69.906000000000006" yaw="302.19999999999999" pitch="65.600000000000009" roll="-0" enabled="true" rotation_enabled="false"/>
    </camera>
    <camera id="21" sensor_id="0" label="DJI_0022">
      <orientation>1</orientation>
      <reference x="21.015520333333299" y="52.247238583333299" z="67.706000000000003" yaw="302.09999999999997" pitch="65.600000000000009" roll="-0" enabled="true" rotation_enabled="false"/>
    </camera>
    <camera id="22" sensor_id="0" label="DJI_0023">
      <orientation>1</orientation>
      <reference x="21.015466" y="52.247261527777802" z="67.506" yaw="292.40000000000003" pitch="65.600000000000009" roll="-0" enabled="true" rotation_enabled="false"/>
    </camera>
    <camera id="23" sensor_id="0" label="DJI_0024">
      <orientation>1</orientation>
      <reference x="21.015464250000001" y="52.247249416666698" z="67.305999999999997" yaw="282.39999999999998" pitch="65.600000000000009" roll="-0" enabled="true" rotation_enabled="false"/>
    </camera>
    <camera id="24" sensor_id="0" label="DJI_0025">
      <orientation>1</orientation>
      <reference x="21.0154739166667" y="52.247257972222201" z="67.406000000000006" yaw="279.19999999999999" pitch="65.600000000000009" roll="-0" enabled="true" rotation_enabled="false"/>
    </camera>
    <camera id="25" sensor_id="0" label="DJI_0026">
      <orientation>1</orientation>
      <reference x="21.015450583333301" y="52.247239333333297" z="67.406000000000006" yaw="280.60000000000002" pitch="65.600000000000009" roll="-0" enabled="true" rotation_enabled="false"/>
    </camera>
    <camera id="26" sensor_id="0" label="DJI_0027">
      <orientation>1</orientation>
      <reference x="21.015445055555599" y="52.247242444444403" z="67.506" yaw="303.60000000000002" pitch="65.600000000000009" roll="-0" enabled="true" rotation_enabled="false"/>
    </camera>
    <camera id="27" sensor_id="0" label="DJI_0028">
      <orientation>1</orientation>
      <reference x="21.015420833333302" y="52.247240750000003" z="67.605999999999995" yaw="304.79999999999995" pitch="65.600000000000009" roll="-0" enabled="true" rotation_enabled="false"/>
    </camera>
    <camera id="28" sensor_id="0" label="DJI_0029">
      <orientation>1</orientation>
      <reference x="21.015422583333301" y="52.247247944444403" z="67.506" yaw="305" pitch="65.600000000000009" roll="-0" enabled="true" rotation_enabled="false"/>
    </camera>
    <camera id="29" sensor_id="0" label="DJI_0030">
      <orientation>1</orientation>
      <reference x="21.015414833333299" y="52.247238694444398" z="67.305999999999997" yaw="298.19999999999999" pitch="65.600000000000009" roll="-0" enabled="true" rotation_enabled="false"/>
    </camera>
    <camera id="30" sensor_id="0" label="DJI_0031">
      <orientation>1</orientation>
      <reference x="21.015413444444398" y="52.247236361111099" z="67.506" yaw="303.30000000000001" pitch="65.600000000000009" roll="-0" enabled="true" rotation_enabled="false"/>
    </camera>
    <camera id="31" sensor_id="0" label="DJI_0032">
      <orientation>1</orientation>
      <reference x="21.015419916666701" y="52.247230638888901" z="68.105999999999995" yaw="305.30000000000001" pitch="65.600000000000009" roll="-0" enabled="true" rotation_enabled="false"/>
    </camera>
    <camera id="32" sensor_id="0" label="DJI_0033">
      <orientation>1</orientation>
      <reference x="21.0154204166667" y="52.247228444444403" z="69.605999999999995" yaw="305.89999999999998" pitch="65.600000000000009" roll="-0" enabled="true" rotation_enabled="false"/>
    </camera>
    <camera id="33" sensor_id="0" label="DJI_0034">
      <orientation>1</orientation>
      <reference x="21.015421416666701" y="52.247231388888899" z="70.906000000000006" yaw="305.89999999999998" pitch="65.600000000000009" roll="-0" enabled="true" rotation_enabled="false"/>
    </camera>
    <camera id="34" sensor_id="0" label="DJI_0035">
      <orientation>1</orientation>
      <reference x="21.0154211388889" y="52.247234083333304" z="72.506" yaw="305.89999999999998" pitch="65.600000000000009" roll="-0" enabled="true" rotation_enabled="false"/>
    </camera>
    <camera id="35" sensor_id="0" label="DJI_0036">
      <orientation>1</orientation>
      <reference x="21.015414888888898" y="52.247231694444402" z="74.906000000000006" yaw="305.80000000000001" pitch="65.600000000000009" roll="-0" enabled="true" rotation_enabled="false"/>
    </camera>
    <camera id="36" sensor_id="0" label="DJI_0037">
      <orientation>1</orientation>
      <reference x="21.015418611111102" y="52.247230055555598" z="76.506" yaw="305.89999999999998" pitch="65.600000000000009" roll="-0" enabled="true" rotation_enabled="false"/>
    </camera>
    <camera id="37" sensor_id="0" label="DJI_0038">
      <orientation>1</orientation>
      <reference x="21.015414777777799" y="52.247232166666699" z="78.605999999999995" yaw="305.89999999999998" pitch="65.600000000000009" roll="-0" enabled="true" rotation_enabled="false"/>
    </camera>
    <camera id="38" sensor_id="0" label="DJI_0039">
      <orientation>1</orientation>
      <reference x="21.0154195" y="52.247229777777797" z="80.506" yaw="306" pitch="65.600000000000009" roll="-0" enabled="true" rotation_enabled="false"/>
    </camera>
    <camera id="39" sensor_id="0" label="DJI_0040">
      <orientation>1</orientation>
      <reference x="21.01541825" y="52.247231861111104" z="82.805999999999997" yaw="305.89999999999998" pitch="65.600000000000009" roll="-0" enabled="true" rotation_enabled="false"/>
    </camera>
    <camera id="40" sensor_id="0" label="DJI_0041">
      <orientation>1</orientation>
      <reference x="21.015424444444399" y="52.247233277777802" z="84.906000000000006" yaw="306.09999999999997" pitch="65.600000000000009" roll="-0" enabled="true" rotation_enabled="false"/>
    </camera>
    <camera id="41" sensor_id="0" label="DJI_0042">
      <orientation>1</orientation>
      <reference x="21.015418472222201" y="52.247233555555603" z="87.105999999999995" yaw="306" pitch="65.600000000000009" roll="-0" enabled="true" rotation_enabled="false"/>
    </camera>
    <camera id="42" sensor_id="0" label="DJI_0043">
      <orientation>1</orientation>
      <reference x="21.015420916666699" y="52.247231583333303" z="89.506" yaw="306" pitch="65.600000000000009" roll="-0" enabled="true" rotation_enabled="false"/>
    </camera>
    <camera id="43" sensor_id="0" label="DJI_0044">
      <orientation>1</orientation>
      <reference x="21.015415999999998" y="52.247235277777797" z="91.805999999999997" yaw="306" pitch="65.600000000000009" roll="-0" enabled="true" rotation_enabled="false"/>
    </camera>
    <camera id="44" sensor_id="0" label="DJI_0045">
      <orientation>1</orientation>
      <reference x="21.015422416666699" y="52.247233250000001" z="93.805999999999997" yaw="306.09999999999997" pitch="65.600000000000009" roll="-0" enabled="true" rotation_enabled="false"/>
    </camera>
    <camera id="45" sensor_id="0" label="DJI_0046">
      <orientation>1</orientation>
      <reference x="21.015419083333299" y="52.247229583333301" z="96.206000000000003" yaw="305.80000000000001" pitch="65.600000000000009" roll="-0" enabled="true" rotation_enabled="false"/>
    </camera>
    <camera id="46" sensor_id="0" label="DJI_0047">
      <orientation>1</orientation>
      <reference x="21.0154202777778" y="52.247232166666699" z="99.605999999999995" yaw="305.89999999999998" pitch="65.600000000000009" roll="-0" enabled="true" rotation_enabled="false"/>
    </camera>
    <camera id="47" sensor_id="0" label="DJI_0048">
      <orientation>1</orientation>
      <reference x="21.015417916666699" y="52.247228416666701" z="99.805999999999997" yaw="303" pitch="65.600000000000009" roll="-0" enabled="true" rotation_enabled="false"/>
    </camera>
    <camera id="48" sensor_id="0" label="DJI_0049">
      <orientation>1</orientation>
      <reference x="21.015402972222201" y="52.247214361111098" z="99.805999999999997" yaw="355.60000000000002" pitch="65.600000000000009" roll="-0" enabled="true" rotation_enabled="false"/>
    </camera>
    <camera id="49" sensor_id="0" label="DJI_0050">
      <orientation>1</orientation>
      <reference x="21.015364611111099" y="52.247208999999998" z="100.006" yaw="356.19999999999999" pitch="65.600000000000009" roll="-0" enabled="true" rotation_enabled="false"/>
    </camera>
    <camera id="50" sensor_id="0" label="DJI_0051">
      <orientation>1</orientation>
      <reference x="21.015300888888898" y="52.247203361111097" z="99.805999999999997" yaw="356.29999999999995" pitch="65.600000000000009" roll="-0" enabled="true" rotation_enabled="false"/>
    </camera>
    <camera id="51" sensor_id="0" label="DJI_0052">
      <orientation>1</orientation>
      <reference x="21.015258027777801" y="52.247214499999998" z="98.805999999999997" yaw="357.20000000000005" pitch="65.600000000000009" roll="-0" enabled="true" rotation_enabled="false"/>
    </camera>
    <camera id="52" sensor_id="0" label="DJI_0053">
      <orientation>1</orientation>
      <reference x="21.015247361111101" y="52.247231861111104" z="98.805999999999997" yaw="344.79999999999995" pitch="65.600000000000009" roll="-0" enabled="true" rotation_enabled="false"/>
    </camera>
    <camera id="53" sensor_id="0" label="DJI_0054">
      <orientation>1</orientation>
      <reference x="21.015254305555601" y="52.247214749999998" z="98.805999999999997" yaw="344" pitch="65.600000000000009" roll="-0" enabled="true" rotation_enabled="false"/>
    </camera>
    <camera id="54" sensor_id="0" label="DJI_0055">
      <orientation>1</orientation>
      <reference x="21.0152958888889" y="52.247223416666699" z="97.805999999999997" yaw="343.60000000000002" pitch="65.600000000000009" roll="-0" enabled="true" rotation_enabled="false"/>
    </camera>
    <camera id="55" sensor_id="0" label="DJI_0056">
      <orientation>1</orientation>
      <reference x="21.0152935833333" y="52.2472223888889" z="97.206000000000003" yaw="343.30000000000001" pitch="65.600000000000009" roll="-0" enabled="true" rotation_enabled="false"/>
    </camera>
    <camera id="56" sensor_id="0" label="DJI_0057">
      <orientation>1</orientation>
      <reference x="21.015288083333299" y="52.247212777777797" z="97.006" yaw="343.40000000000003" pitch="65.600000000000009" roll="-0" enabled="true" rotation_enabled="false"/>
    </camera>
    <camera id="57" sensor_id="0" label="DJI_0058">
      <orientation>1</orientation>
      <reference x="21.015291222222199" y="52.2472032777778" z="95.506" yaw="343.40000000000003" pitch="65.600000000000009" roll="-0" enabled="true" rotation_enabled="false"/>
    </camera>
    <camera id="58" sensor_id="0" label="DJI_0059">
      <orientation>1</orientation>
      <reference x="21.015291583333301" y="52.247200888888898" z="92.206000000000003" yaw="343.5" pitch="65.600000000000009" roll="-0" enabled="true" rotation_enabled="false"/>
    </camera>
    <camera id="59" sensor_id="0" label="DJI_0060">
      <orientation>1</orientation>
      <reference x="21.015306138888899" y="52.247207527777803" z="89.605999999999995" yaw="343.40000000000003" pitch="65.600000000000009" roll="-0" enabled="true" rotation_enabled="false"/>
    </camera>
    <camera id="60" sensor_id="0" label="DJI_0061">
      <orientation>1</orientation>
      <reference x="21.0153315277778" y="52.247204305555599" z="88.906000000000006" yaw="343.19999999999999" pitch="65.600000000000009" roll="-0" enabled="true" rotation_enabled="false"/>
    </camera>
    <camera id="61" sensor_id="0" label="DJI_0062">
      <orientation>1</orientation>
      <reference x="21.015338944444402" y="52.247209611111103" z="88.506" yaw="349.80000000000001" pitch="65.600000000000009" roll="-0" enabled="true" rotation_enabled="false"/>
    </camera>
    <camera id="62" sensor_id="0" label="DJI_0063">
      <orientation>1</orientation>
      <reference x="21.015307694444399" y="52.247198861111102" z="86.605999999999995" yaw="350.70000000000005" pitch="65.600000000000009" roll="-0" enabled="true" rotation_enabled="false"/>
    </camera>
    <camera id="63" sensor_id="0" label="DJI_0064">
      <orientation>1</orientation>
      <reference x="21.0153200833333" y="52.247180499999999" z="85.006" yaw="351.19999999999999" pitch="65.600000000000009" roll="-0" enabled="true" rotation_enabled="false"/>
    </camera>
    <camera id="64" sensor_id="0" label="DJI_0065">
      <orientation>1</orientation>
      <reference x="21.015319805555599" y="52.247181166666699" z="81.906000000000006" yaw="351.19999999999999" pitch="65.600000000000009" roll="-0" enabled="true" rotation_enabled="false"/>
    </camera>
    <camera id="65" sensor_id="0" label="DJI_0066">
      <orientation>1</orientation>
      <reference x="21.015296888888901" y="52.247188972222197" z="79.906000000000006" yaw="351" pitch="65.600000000000009" roll="-0" enabled="true" rotation_enabled="false"/>
    </camera>
    <camera id="66" sensor_id="0" label="DJI_0067">
      <orientation>1</orientation>
      <reference x="21.0153150555556" y="52.247185916666702" z="79.605999999999995" yaw="352.69999999999999" pitch="65.600000000000009" roll="-0" enabled="true" rotation_enabled="false"/>
    </camera>
    <camera id="67" sensor_id="0" label="DJI_0068">
      <orientation>1</orientation>
      <reference x="21.015330861111099" y="52.247178722222202" z="79.206000000000003" yaw="351.09999999999997" pitch="65.600000000000009" roll="-0" enabled="true" rotation_enabled="false"/>
    </camera>
    <camera id="68" sensor_id="0" label="DJI_0069">
      <orientation>1</orientation>
      <reference x="21.0153354444444" y="52.2471768611111" z="78.506" yaw="351.5" pitch="65.600000000000009" roll="-0" enabled="true" rotation_enabled="false"/>
    </camera>
    <camera id="69" sensor_id="0" label="DJI_0070">
      <orientation>1</orientation>
      <reference x="21.0153305555556" y="52.247173222222202" z="77.805999999999997" yaw="351.60000000000002" pitch="65.600000000000009" roll="-0" enabled="true" rotation_enabled="false"/>
    </camera>
    <camera id="70" sensor_id="0" label="DJI_0071">
      <orientation>1</orientation>
      <reference x="21.0153385833333" y="52.247180749999998" z="76.206000000000003" yaw="351.29999999999995" pitch="65.600000000000009" roll="-0" enabled="true" rotation_enabled="false"/>
    </camera>
    <camera id="71" sensor_id="0" label="DJI_0072">
      <orientation>1</orientation>
      <reference x="21.015315472222198" y="52.247184027777799" z="74.605999999999995" yaw="350.89999999999998" pitch="65.600000000000009" roll="-0" enabled="true" rotation_enabled="false"/>
    </camera>
    <camera id="72" sensor_id="0" label="DJI_0073">
      <orientation>1</orientation>
      <reference x="21.015301888888899" y="52.247184555555599" z="72.605999999999995" yaw="351.29999999999995" pitch="65.600000000000009" roll="-0" enabled="true" rotation_enabled="false"/>
    </camera>
    <camera id="73" sensor_id="0" label="DJI_0074">
      <orientation>1</orientation>
      <reference x="21.015305222222199" y="52.247183722222204" z="71.206000000000003" yaw="351.5" pitch="65.600000000000009" roll="-0" enabled="true" rotation_enabled="false"/>
    </camera>
    <camera id="74" sensor_id="0" label="DJI_0075">
      <orientation>1</orientation>
      <reference x="21.0153036666667" y="52.247183833333303" z="69.605999999999995" yaw="351.39999999999998" pitch="65.600000000000009" roll="-0" enabled="true" rotation_enabled="false"/>
    </camera>
    <camera id="75" sensor_id="0" label="DJI_0076">
      <orientation>1</orientation>
      <reference x="21.015304416666702" y="52.247183166666701" z="68.105999999999995" yaw="351.29999999999995" pitch="65.600000000000009" roll="-0" enabled="true" rotation_enabled="false"/>
    </camera>
    <camera id="76" sensor_id="0" label="DJI_0077">
      <orientation>1</orientation>
      <reference x="21.0153048333333" y="52.247182305555597" z="67.305999999999997" yaw="351" pitch="65.600000000000009" roll="-0" enabled="true" rotation_enabled="false"/>
    </camera>
    <camera id="77" sensor_id="0" label="DJI_0078">
      <orientation>1</orientation>
      <reference x="21.015307694444399" y="52.247181583333301" z="66.406000000000006" yaw="351.19999999999999" pitch="65.600000000000009" roll="-0" enabled="true" rotation_enabled="false"/>
    </camera>
    <camera id="78" sensor_id="0" label="DJI_0079">
      <orientation>1</orientation>
      <reference x="21.015298805555599" y="52.247192277777799" z="66.406000000000006" yaw="336.5" pitch="65.600000000000009" roll="-0" enabled="true" rotation_enabled="false"/>
    </camera>
    <camera id="79" sensor_id="0" label="DJI_0080">
      <orientation>1</orientation>
      <reference x="21.015299500000001" y="52.2471929444444" z="66.206000000000003" yaw="327.5" pitch="65.600000000000009" roll="-0" enabled="true" rotation_enabled="false"/>
    </camera>
    <camera id="80" sensor_id="0" label="DJI_0081">
      <orientation>1</orientation>
      <reference x="21.015300166666702" y="52.247191722222198" z="65.506" yaw="326.5" pitch="65.600000000000009" roll="-0" enabled="true" rotation_enabled="false"/>
    </camera>
    <camera id="81" sensor_id="0" label="DJI_0082">
      <orientation>1</orientation>
      <reference x="21.0153023611111" y="52.247195055555601" z="65.305999999999997" yaw="341.39999999999998" pitch="65.600000000000009" roll="-0" enabled="true" rotation_enabled="false"/>
    </camera>
    <camera id="82" sensor_id="0" label="DJI_0083">
      <orientation>1</orientation>
      <reference x="21.015303416666701" y="52.247193194444399" z="65.006" yaw="342.09999999999997" pitch="65.600000000000009" roll="-0" enabled="true" rotation_enabled="false"/>
    </camera>
    <camera id="83" sensor_id="0" label="DJI_0084">
      <orientation>1</orientation>
      <reference x="21.0153270833333" y="52.247193250000002" z="65.006" yaw="341" pitch="65.600000000000009" roll="-0" enabled="true" rotation_enabled="false"/>
    </camera>
    <camera id="84" sensor_id="0" label="DJI_0085">
      <orientation>1</orientation>
      <reference x="21.0153427777778" y="52.247188583333298" z="65.105999999999995" yaw="338.09999999999997" pitch="65.600000000000009" roll="-0" enabled="true" rotation_enabled="false"/>
    </camera>
    <camera id="85" sensor_id="0" label="DJI_0086">
      <orientation>1</orientation>
      <reference x="21.015387944444399" y="52.247164861111102" z="64.906000000000006" yaw="337.80000000000001" pitch="65.600000000000009" roll="-0" enabled="true" rotation_enabled="false"/>
    </camera>
    <camera id="86" sensor_id="0" label="DJI_0087">
      <orientation>1</orientation>
      <reference x="21.015377999999998" y="52.247153222222202" z="65.506" yaw="337.80000000000001" pitch="65.600000000000009" roll="-0" enabled="true" rotation_enabled="false"/>
    </camera>
    <camera id="87" sensor_id="0" label="DJI_0088">
      <orientation>1</orientation>
      <reference x="21.015305527777802" y="52.247164638888897" z="71.605999999999995" yaw="339.79999999999995" pitch="65.600000000000009" roll="-0" enabled="true" rotation_enabled="false"/>
    </camera>
    <camera id="88" sensor_id="0" label="DJI_0089">
      <orientation>1</orientation>
      <reference x="21.015239000000001" y="52.247171166666703" z="71.706000000000003" yaw="16.800000000000001" pitch="65.600000000000009" roll="-0" enabled="true" rotation_enabled="false"/>
    </camera>
    <camera id="89" sensor_id="0" label="DJI_0090">
      <orientation>1</orientation>
      <reference x="21.015232388888901" y="52.247181805555599" z="70.006" yaw="13.199999999999999" pitch="65.600000000000009" roll="-0" enabled="true" rotation_enabled="false"/>
    </camera>
    <camera id="90" sensor_id="0" label="DJI_0091">
      <orientation>1</orientation>
      <reference x="21.015234499999998" y="52.247180749999998" z="67.206000000000003" yaw="12.4" pitch="65.600000000000009" roll="-0" enabled="true" rotation_enabled="false"/>
    </camera>
    <camera id="91" sensor_id="0" label="DJI_0092">
      <orientation>1</orientation>
      <reference x="21.015225861111102" y="52.247183805555601" z="65.805999999999997" yaw="11.9" pitch="65.600000000000009" roll="-0" enabled="true" rotation_enabled="false"/>
    </camera>
    <camera id="92" sensor_id="0" label="DJI_0093">
      <orientation>1</orientation>
      <reference x="21.015200111111099" y="52.247186944444401" z="65.805999999999997" yaw="24" pitch="65.600000000000009" roll="-0" enabled="true" rotation_enabled="false"/>
    </camera>
    <camera id="93" sensor_id="0" label="DJI_0094">
      <orientation>1</orientation>
      <reference x="21.015194138888901" y="52.247206777777798" z="65.805999999999997" yaw="23.800000000000001" pitch="65.600000000000009" roll="-0" enabled="true" rotation_enabled="false"/>
    </camera>
    <camera id="94" sensor_id="0" label="DJI_0095">
      <orientation>1</orientation>
      <reference x="21.0152013055556" y="52.247202583333298" z="65.906000000000006" yaw="23.599999999999998" pitch="65.600000000000009" roll="-0" enabled="true" rotation_enabled="false"/>
    </camera>
    <camera id="95" sensor_id="0" label="DJI_0096">
      <orientation>1</orientation>
      <reference x="21.0152119722222" y="52.247193694444398" z="65.906000000000006" yaw="23.5" pitch="65.600000000000009" roll="-0" enabled="true" rotation_enabled="false"/>
    </camera>
    <camera id="96" sensor_id="0" label="DJI_0097">
      <orientation>1</orientation>
      <reference x="21.0152149166667" y="52.247194499999999" z="67.305999999999997" yaw="23.300000000000001" pitch="65.600000000000009" roll="-0" enabled="true" rotation_enabled="false"/>
    </camera>
    <camera id="97" sensor_id="0" label="DJI_0098">
      <orientation>1</orientation>
      <reference x="21.015213888888901" y="52.247192611111103" z="68.605999999999995" yaw="23.200000000000003" pitch="65.600000000000009" roll="-0" enabled="true" rotation_enabled="false"/>
    </camera>
    <camera id="98" sensor_id="0" label="DJI_0099">
      <orientation>1</orientation>
      <reference x="21.015191250000001" y="52.247195388888898" z="69.706000000000003" yaw="23.599999999999998" pitch="65.600000000000009" roll="-0" enabled="true" rotation_enabled="false"/>
    </camera>
    <camera id="99" sensor_id="0" label="DJI_0100">
      <orientation>1</orientation>
      <reference x="21.015190194444401" y="52.247195333333302" z="71.105999999999995" yaw="22.699999999999996" pitch="65.600000000000009" roll="-0" enabled="true" rotation_enabled="false"/>
    </camera>
    <camera id="100" sensor_id="0" label="DJI_0101">
      <orientation>1</orientation>
      <reference x="21.015189833333299" y="52.2471960833333" z="72.105999999999995" yaw="23.100000000000001" pitch="65.600000000000009" roll="-0" enabled="true" rotation_enabled="false"/>
    </camera>
    <camera id="101" sensor_id="0" label="DJI_0102">
      <orientation>1</orientation>
      <reference x="21.015191027777799" y="52.247194" z="73.105999999999995" yaw="23.100000000000001" pitch="65.600000000000009" roll="-0" enabled="true" rotation_enabled="false"/>
    </camera>
    <camera id="102" sensor_id="0" label="DJI_0103">
      <orientation>1</orientation>
      <reference x="21.015193166666698" y="52.247194805555601" z="74.406000000000006" yaw="23.100000000000001" pitch="65.600000000000009" roll="-0" enabled="true" rotation_enabled="false"/>
    </camera>
    <camera id="103" sensor_id="0" label="DJI_0104">
      <orientation>1</orientation>
      <reference x="21.015191583333301" y="52.2471953055556" z="76.506" yaw="23.100000000000001" pitch="65.600000000000009" roll="-0" enabled="true" rotation_enabled="false"/>
    </camera>
    <camera id="104" sensor_id="0" label="DJI_0105">
      <orientation>1</orientation>
      <reference x="21.015190416666702" y="52.2471959444444" z="78.006" yaw="23.200000000000003" pitch="65.600000000000009" roll="-0" enabled="true" rotation_enabled="false"/>
    </camera>
    <camera id="105" sensor_id="0" label="DJI_0106">
      <orientation>1</orientation>
      <reference x="21.015192249999998" y="52.2471959444444" z="79.206000000000003" yaw="23.200000000000003" pitch="65.600000000000009" roll="-0" enabled="true" rotation_enabled="false"/>
    </camera>
    <camera id="106" sensor_id="0" label="DJI_0107">
      <orientation>1</orientation>
      <reference x="21.0151935833333" y="52.247194833333303" z="80.406000000000006" yaw="23.200000000000003" pitch="65.600000000000009" roll="-0" enabled="true" rotation_enabled="false"/>
    </camera>
    <camera id="107" sensor_id="0" label="DJI_0108">
      <orientation>1</orientation>
      <reference x="21.0151898055556" y="52.247193388888903" z="82.506" yaw="23.100000000000001" pitch="65.600000000000009" roll="-0" enabled="true" rotation_enabled="false"/>
    </camera>
    <camera id="108" sensor_id="0" label="DJI_0109">
      <orientation>1</orientation>
      <reference x="21.015186499999999" y="52.247196583333299" z="85.006" yaw="23.100000000000001" pitch="65.600000000000009" roll="-0" enabled="true" rotation_enabled="false"/>
    </camera>
    <camera id="109" sensor_id="0" label="DJI_0110">
      <orientation>1</orientation>
      <reference x="21.0151952222222" y="52.247198249999997" z="88.206000000000003" yaw="23.200000000000003" pitch="65.600000000000009" roll="-0" enabled="true" rotation_enabled="false"/>
    </camera>
    <camera id="110" sensor_id="0" label="DJI_0111">
      <orientation>1</orientation>
      <reference x="21.015195333333299" y="52.247196111111101" z="91.605999999999995" yaw="21" pitch="65.600000000000009" roll="-0" enabled="true" rotation_enabled="false"/>
    </camera>
    <camera id="111" sensor_id="0" label="DJI_0112">
      <orientation>1</orientation>
      <reference x="21.0151933888889" y="52.2471956944444" z="94.706000000000003" yaw="20.399999999999999" pitch="65.600000000000009" roll="-0" enabled="true" rotation_enabled="false"/>
    </camera>
    <camera id="112" sensor_id="0" label="DJI_0113">
      <orientation>1</orientation>
      <reference x="21.0151892777778" y="52.247193750000001" z="99.206000000000003" yaw="19.600000000000001" pitch="65.600000000000009" roll="-0" enabled="true" rotation_enabled="false"/>
    </camera>
    <camera id="113" sensor_id="0" label="DJI_0114">
      <orientation>1</orientation>
      <reference x="21.015161361111101" y="52.247203222222197" z="99.406000000000006" yaw="73" pitch="65.600000000000009" roll="-0" enabled="true" rotation_enabled="false"/>
    </camera>
    <camera id="114" sensor_id="0" label="DJI_0115">
      <orientation>1</orientation>
      <reference x="21.01512275" y="52.247246527777797" z="99.206000000000003" yaw="75.599999999999994" pitch="65.600000000000009" roll="-0" enabled="true" rotation_enabled="false"/>
    </camera>
    <camera id="115" sensor_id="0" label="DJI_0116">
      <orientation>1</orientation>
      <reference x="21.015112111111101" y="52.2472584722222" z="97.006" yaw="60.899999999999991" pitch="65.600000000000009" roll="-0" enabled="true" rotation_enabled="false"/>
    </camera>
    <camera id="116" sensor_id="0" label="DJI_0117">
      <orientation>1</orientation>
      <reference x="21.015113916666699" y="52.247255638888902" z="93.906000000000006" yaw="58.899999999999999" pitch="65.600000000000009" roll="-0" enabled="true" rotation_enabled="false"/>
    </camera>
    <camera id="117" sensor_id="0" label="DJI_0118">
      <orientation>1</orientation>
      <reference x="21.0151228888889" y="52.247263944444398" z="91.305999999999997" yaw="58.799999999999997" pitch="65.600000000000009" roll="-0" enabled="true" rotation_enabled="false"/>
    </camera>
    <camera id="118" sensor_id="0" label="DJI_0119">
      <orientation>1</orientation>
      <reference x="21.015098999999999" y="52.247267277777802" z="88.605999999999995" yaw="58.700000000000003" pitch="65.600000000000009" roll="-0" enabled="true" rotation_enabled="false"/>
    </camera>
    <camera id="119" sensor_id="0" label="DJI_0120">
      <orientation>1</orientation>
      <reference x="21.015092777777799" y="52.247276222222197" z="85.605999999999995" yaw="58.5" pitch="65.600000000000009" roll="-0" enabled="true" rotation_enabled="false"/>
    </camera>
    <camera id="120" sensor_id="0" label="DJI_0121">
      <orientation>1</orientation>
      <reference x="21.015037111111099" y="52.247261055555597" z="85.506" yaw="58.5" pitch="65.600000000000009" roll="-0" enabled="true" rotation_enabled="false"/>
    </camera>
    <camera id="121" sensor_id="0" label="DJI_0122">
      <orientation>1</orientation>
      <reference x="21.0150325" y="52.2472604444444" z="83.605999999999995" yaw="58.5" pitch="65.600000000000009" roll="-0" enabled="true" rotation_enabled="false"/>
    </camera>
    <camera id="122" sensor_id="0" label="DJI_0123">
      <orientation>1</orientation>
      <reference x="21.015045194444401" y="52.247248222222197" z="81.906000000000006" yaw="58.200000000000003" pitch="65.600000000000009" roll="-0" enabled="true" rotation_enabled="false"/>
    </camera>
    <camera id="123" sensor_id="0" label="DJI_0124">
      <orientation>1</orientation>
      <reference x="21.0150417222222" y="52.247240638888897" z="78.805999999999997" yaw="58.399999999999991" pitch="65.600000000000009" roll="-0" enabled="true" rotation_enabled="false"/>
    </camera>
    <camera id="124" sensor_id="0" label="DJI_0125">
      <orientation>1</orientation>
      <reference x="21.015047055555598" y="52.247240888888903" z="76.605999999999995" yaw="58.399999999999991" pitch="65.600000000000009" roll="-0" enabled="true" rotation_enabled="false"/>
    </camera>
    <camera id="125" sensor_id="0" label="DJI_0126">
      <orientation>1</orientation>
      <reference x="21.015042999999999" y="52.247243222222203" z="73.906000000000006" yaw="58.399999999999991" pitch="65.600000000000009" roll="-0" enabled="true" rotation_enabled="false"/>
    </camera>
    <camera id="126" sensor_id="0" label="DJI_0127">
      <orientation>1</orientation>
      <reference x="21.015043333333299" y="52.2472425277778" z="71.206000000000003" yaw="58.200000000000003" pitch="65.600000000000009" roll="-0" enabled="true" rotation_enabled="false"/>
    </camera>
    <camera id="127" sensor_id="0" label="DJI_0128">
      <orientation>1</orientation>
      <reference x="21.0150569444444" y="52.247228249999999" z="71.006" yaw="42.900000000000006" pitch="65.600000000000009" roll="-0" enabled="true" rotation_enabled="false"/>
    </camera>
    <camera id="128" sensor_id="0" label="DJI_0129">
      <orientation>1</orientation>
      <reference x="21.015118277777798" y="52.247186638888898" z="71.105999999999995" yaw="31.699999999999999" pitch="65.600000000000009" roll="-0" enabled="true" rotation_enabled="false"/>
    </camera>
    <camera id="129" sensor_id="0" label="DJI_0130">
      <orientation>1</orientation>
      <reference x="21.015143666666699" y="52.247175749999997" z="71.206000000000003" yaw="29.499999999999996" pitch="47.100000000000001" roll="-0" enabled="true" rotation_enabled="false"/>
    </camera>
    <camera id="130" sensor_id="0" label="DJI_0131">
      <orientation>1</orientation>
      <reference x="21.0151173888889" y="52.247153027777799" z="72.906000000000006" yaw="29.499999999999996" pitch="47.100000000000001" roll="-0" enabled="true" rotation_enabled="false"/>
    </camera>
    <camera id="131" sensor_id="0" label="DJI_0132">
      <orientation>1</orientation>
      <reference x="21.0151280555556" y="52.247133138888898" z="73.206000000000003" yaw="16.699999999999999" pitch="47.5" roll="-0" enabled="true" rotation_enabled="false"/>
    </camera>
    <camera id="132" sensor_id="0" label="DJI_0133">
      <orientation>1</orientation>
      <reference x="21.015239138888901" y="52.247132472222198" z="73.206000000000003" yaw="359.19999999999999" pitch="56.899999999999999" roll="-0" enabled="true" rotation_enabled="false"/>
    </camera>
    <camera id="133" sensor_id="0" label="DJI_0134">
      <orientation>1</orientation>
      <reference x="21.015284166666699" y="52.247136555555599" z="73.206000000000003" yaw="354.80000000000001" pitch="56.20000000000001" roll="-0" enabled="true" rotation_enabled="false"/>
    </camera>
    <camera id="134" sensor_id="0" label="DJI_0135">
      <orientation>1</orientation>
      <reference x="21.015327944444401" y="52.2471261111111" z="73.105999999999995" yaw="351.89999999999998" pitch="56.20000000000001" roll="-0" enabled="true" rotation_enabled="false"/>
    </camera>
    <camera id="135" sensor_id="0" label="DJI_0136">
      <orientation>1</orientation>
      <reference x="21.0154034166667" y="52.247114500000002" z="73.506" yaw="346.30000000000001" pitch="56.20000000000001" roll="-0" enabled="true" rotation_enabled="false"/>
    </camera>
    <camera id="136" sensor_id="0" label="DJI_0137">
      <orientation>1</orientation>
      <reference x="21.015508305555599" y="52.247138749999998" z="73.506" yaw="339.30000000000001" pitch="56.20000000000001" roll="-0" enabled="true" rotation_enabled="false"/>
    </camera>
    <camera id="137" sensor_id="0" label="DJI_0138">
      <orientation>1</orientation>
      <reference x="21.015578611111099" y="52.247159500000002" z="73.706000000000003" yaw="318.30000000000001" pitch="56.20000000000001" roll="-0" enabled="true" rotation_enabled="false"/>
    </camera>
    <camera id="138" sensor_id="0" label="DJI_0139">
      <orientation>1</orientation>
      <reference x="21.015579694444401" y="52.247167944444399" z="73.706000000000003" yaw="302.60000000000002" pitch="56.20000000000001" roll="-0" enabled="true" rotation_enabled="false"/>
    </camera>
    <camera id="139" sensor_id="0" label="DJI_0140">
      <orientation>1</orientation>
      <reference x="21.015529805555602" y="52.2471895555556" z="78.906000000000006" yaw="301.5" pitch="56.20000000000001" roll="-0" enabled="true" rotation_enabled="false"/>
    </camera>
    <camera id="140" sensor_id="0" label="DJI_0141">
      <orientation>1</orientation>
      <reference x="21.0154951111111" y="52.247188194444398" z="86.805999999999997" yaw="301.19999999999999" pitch="56.20000000000001" roll="-0" enabled="true" rotation_enabled="false"/>
    </camera>
    <camera id="141" sensor_id="0" label="DJI_0142">
      <orientation>1</orientation>
      <reference x="21.015437777777802" y="52.2471898055556" z="85.506" yaw="315.60000000000002" pitch="68.699999999999989" roll="-0" enabled="true" rotation_enabled="false"/>
    </camera>
    <camera id="142" sensor_id="0" label="DJI_0143">
      <orientation>1</orientation>
      <reference x="21.015421499999999" y="52.247195527777798" z="85.605999999999995" yaw="332.80000000000001" pitch="71.300000000000011" roll="-0" enabled="true" rotation_enabled="false"/>
    </camera>
    <camera id="143" sensor_id="0" label="DJI_0144">
      <orientation>1</orientation>
      <reference x="21.015319250000001" y="52.247164666666698" z="85.805999999999997" yaw="352.80000000000001" pitch="73.899999999999991" roll="-0" enabled="true" rotation_enabled="false"/>
    </camera>
    <camera id="144" sensor_id="0" label="DJI_0145">
      <orientation>1</orientation>
      <reference x="21.015299527777799" y="52.247168388888902" z="85.706000000000003" yaw="352" pitch="66.5" roll="-0" enabled="true" rotation_enabled="false"/>
    </camera>
    <camera id="145" sensor_id="0" label="DJI_0146">
      <orientation>1</orientation>
      <reference x="21.0152389166667" y="52.247166361111098" z="85.706000000000003" yaw="20.200000000000003" pitch="66.5" roll="-0" enabled="true" rotation_enabled="false"/>
    </camera>
    <camera id="146" sensor_id="0" label="DJI_0147">
      <orientation>1</orientation>
      <reference x="21.015192944444401" y="52.247194361111099" z="85.605999999999995" yaw="35.799999999999997" pitch="80.500000000000014" roll="-0" enabled="true" rotation_enabled="false"/>
    </camera>
    <camera id="147" sensor_id="0" label="DJI_0148">
      <orientation>1</orientation>
      <reference x="21.0152005833333" y="52.247198388888897" z="85.406000000000006" yaw="35.600000000000001" pitch="27.100000000000005" roll="-0" enabled="true" rotation_enabled="false"/>
    </camera>
    <camera id="148" sensor_id="0" label="DJI_0149">
      <orientation>1</orientation>
      <reference x="21.015209277777799" y="52.247192916666698" z="85.605999999999995" yaw="12.599999999999998" pitch="27.100000000000005" roll="-0" enabled="true" rotation_enabled="false"/>
    </camera>
    <camera id="149" sensor_id="0" label="DJI_0150">
      <orientation>1</orientation>
      <reference x="21.0152891388889" y="52.24716875" z="85.706000000000003" yaw="350.30000000000001" pitch="27.100000000000005" roll="-0" enabled="true" rotation_enabled="false"/>
    </camera>
    <camera id="150" sensor_id="0" label="DJI_0151">
      <orientation>1</orientation>
      <reference x="21.0153333055556" y="52.247144472222203" z="85.506" yaw="336.5" pitch="35.20000000000001" roll="-0" enabled="true" rotation_enabled="false"/>
    </camera>
    <camera id="151" sensor_id="0" label="DJI_0152">
      <orientation>1</orientation>
      <reference x="21.015413777777798" y="52.247163944444402" z="85.506" yaw="316.69999999999999" pitch="35.20000000000001" roll="-0" enabled="true" rotation_enabled="false"/>
    </camera>
    <camera id="152" sensor_id="0" label="DJI_0153">
      <orientation>1</orientation>
      <reference x="21.015497222222201" y="52.247216194444398" z="85.605999999999995" yaw="279.80000000000001" pitch="35.20000000000001" roll="-0" enabled="true" rotation_enabled="false"/>
    </camera>
    <camera id="153" sensor_id="0" label="DJI_0154">
      <orientation>1</orientation>
      <reference x="21.0154719444444" y="52.247262583333303" z="85.506" yaw="279.09999999999997" pitch="35.20000000000001" roll="-0" enabled="true" rotation_enabled="false"/>
    </camera>
    <camera id="154" sensor_id="0" label="DJI_0155">
      <orientation>1</orientation>
      <reference x="21.015494805555601" y="52.247254249999997" z="85.906000000000006" yaw="50.700000000000003" pitch="35.20000000000001" roll="-0" enabled="true" rotation_enabled="false"/>
    </camera>
    <camera id="155" sensor_id="0" label="DJI_0156">
      <orientation>1</orientation>
      <reference x="21.015495472222199" y="52.247253472222198" z="85.706000000000003" yaw="66.299999999999997" pitch="75.300000000000011" roll="-0" enabled="true" rotation_enabled="false"/>
    </camera>
    <camera id="156" sensor_id="0" label="DJI_0157">
      <orientation>1</orientation>
      <reference x="21.0154945833333" y="52.247250916666701" z="85.906000000000006" yaw="126.8" pitch="75.300000000000011" roll="-0" enabled="true" rotation_enabled="false"/>
    </camera>
    <camera id="157" sensor_id="0" label="DJI_0158">
      <orientation>1</orientation>
      <reference x="21.015487222222198" y="52.2472543055556" z="85.605999999999995" yaw="32.899999999999999" pitch="5.900000000000003" roll="-0" enabled="true" rotation_enabled="false"/>
    </camera>
    <camera id="158" sensor_id="0" label="DJI_0159">
      <orientation>1</orientation>
      <reference x="21.015490805555601" y="52.247253277777801" z="85.706000000000003" yaw="325.89999999999998" pitch="79.800000000000026" roll="-0" enabled="true" rotation_enabled="false"/>
    </camera>
    <camera id="159" sensor_id="0" label="DJI_0160">
      <orientation>1</orientation>
      <reference x="21.014805944444401" y="52.247396777777801" z="113.913" yaw="78.299999999999983" pitch="0.099999999999993788" roll="-0" enabled="true" rotation_enabled="false"/>
    </camera>
    <camera id="160" sensor_id="0" label="DJI_0161">
      <orientation>1</orientation>
      <reference x="21.014925000000002" y="52.247414166666701" z="114.01300000000001" yaw="78.499999999999986" pitch="0" roll="-0" enabled="true" rotation_enabled="false"/>
    </camera>
    <camera id="161" sensor_id="0" label="DJI_0162">
      <orientation>1</orientation>
      <reference x="21.015040222222201" y="52.247427555555603" z="114.113" yaw="78.400000000000006" pitch="0" roll="-0" enabled="true" rotation_enabled="false"/>
    </camera>
    <camera id="162" sensor_id="0" label="DJI_0163">
      <orientation>1</orientation>
      <reference x="21.015162472222201" y="52.247442333333296" z="114.113" yaw="78.599999999999994" pitch="0.099999999999993788" roll="-0" enabled="true" rotation_enabled="false"/>
    </camera>
    <camera id="163" sensor_id="0" label="DJI_0164">
      <orientation>1</orientation>
      <reference x="21.0152765277778" y="52.247458777777801" z="114.01300000000001" yaw="78.499999999999986" pitch="0.099999999999993788" roll="-0" enabled="true" rotation_enabled="false"/>
    </camera>
    <camera id="164" sensor_id="0" label="DJI_0165">
      <orientation>1</orientation>
      <reference x="21.015394222222199" y="52.247471638888896" z="114.01300000000001" yaw="78.499999999999986" pitch="0.099999999999993788" roll="-0" enabled="true" rotation_enabled="false"/>
    </camera>
    <camera id="165" sensor_id="0" label="DJI_0166">
      <orientation>1</orientation>
      <reference x="21.015512611111099" y="52.2474843888889" z="114.01300000000001" yaw="78.599999999999994" pitch="0.099999999999993788" roll="-0" enabled="true" rotation_enabled="false"/>
    </camera>
    <camera id="166" sensor_id="0" label="DJI_0167">
      <orientation>1</orientation>
      <reference x="21.015627805555599" y="52.2474993055556" z="114.01300000000001" yaw="78.499999999999986" pitch="0.099999999999993788" roll="-0" enabled="true" rotation_enabled="false"/>
    </camera>
    <camera id="167" sensor_id="0" label="DJI_0168">
      <orientation>1</orientation>
      <reference x="21.015744055555601" y="52.247512027777802" z="114.01300000000001" yaw="78.499999999999986" pitch="0" roll="-0" enabled="true" rotation_enabled="false"/>
    </camera>
    <camera id="168" sensor_id="0" label="DJI_0169">
      <orientation>1</orientation>
      <reference x="21.015860333333301" y="52.247526861111098" z="113.913" yaw="78.599999999999994" pitch="0.099999999999993788" roll="-0" enabled="true" rotation_enabled="false"/>
    </camera>
    <camera id="169" sensor_id="0" label="DJI_0170">
      <orientation>1</orientation>
      <reference x="21.015975138888901" y="52.247540583333297" z="114.01300000000001" yaw="78.499999999999986" pitch="0" roll="-0" enabled="true" rotation_enabled="false"/>
    </camera>
    <camera id="170" sensor_id="0" label="DJI_0171">
      <orientation>1</orientation>
      <reference x="21.016091972222199" y="52.247552111111098" z="114.113" yaw="78.499999999999986" pitch="0" roll="-0" enabled="true" rotation_enabled="false"/>
    </camera>
    <camera id="171" sensor_id="0" label="DJI_0172">
      <orientation>1</orientation>
      <reference x="21.016206611111102" y="52.247566361111097" z="114.113" yaw="78.499999999999986" pitch="0.099999999999993788" roll="-0" enabled="true" rotation_enabled="false"/>
    </camera>
    <camera id="172" sensor_id="0" label="DJI_0173">
      <orientation>1</orientation>
      <reference x="21.016321083333299" y="52.2475798888889" z="114.113" yaw="78.599999999999994" pitch="0.099999999999993788" roll="-0" enabled="true" rotation_enabled="false"/>
    </camera>
    <camera id="173" sensor_id="0" label="DJI_0174">
      <orientation>1</orientation>
      <reference x="21.016343111111102" y="52.2475677222222" z="114.01300000000001" yaw="164.5" pitch="0.099999999999993788" roll="-0" enabled="true" rotation_enabled="false"/>
    </camera>
    <camera id="174" sensor_id="0" label="DJI_0175">
      <orientation>1</orientation>
      <reference x="21.016355999999998" y="52.247496499999997" z="114.113" yaw="167.30000000000001" pitch="0" roll="-0" enabled="true" rotation_enabled="false"/>
    </camera>
    <camera id="175" sensor_id="0" label="DJI_0176">
      <orientation>1</orientation>
      <reference x="21.016371166666701" y="52.247427500000001" z="114.21299999999999" yaw="168.39999999999998" pitch="0.099999999999993788" roll="-0" enabled="true" rotation_enabled="false"/>
    </camera>
    <camera id="176" sensor_id="0" label="DJI_0177">
      <orientation>1</orientation>
      <reference x="21.016361472222201" y="52.247423527777798" z="114.113" yaw="259.09999999999997" pitch="0.099999999999993788" roll="-0" enabled="true" rotation_enabled="false"/>
    </camera>
    <camera id="177" sensor_id="0" label="DJI_0178">
      <orientation>1</orientation>
      <reference x="21.016240499999999" y="52.247412861111101" z="114.01300000000001" yaw="260.10000000000002" pitch="0" roll="-0" enabled="true" rotation_enabled="false"/>
    </camera>
    <camera id="178" sensor_id="0" label="DJI_0179">
      <orientation>1</orientation>
      <reference x="21.016120944444399" y="52.247400972222202" z="114.01300000000001" yaw="260" pitch="0" roll="-0" enabled="true" rotation_enabled="false"/>
    </camera>
    <camera id="179" sensor_id="0" label="DJI_0180">
      <orientation>1</orientation>
      <reference x="21.016002222222198" y="52.247386472222203" z="114.01300000000001" yaw="259.80000000000001" pitch="0.099999999999993788" roll="-0" enabled="true" rotation_enabled="false"/>
    </camera>
    <camera id="180" sensor_id="0" label="DJI_0181">
      <orientation>1</orientation>
      <reference x="21.0159210277778" y="52.247377499999999" z="114.01300000000001" yaw="259.70000000000005" pitch="0.099999999999993788" roll="-0" enabled="true" rotation_enabled="false"/>
    </camera>
    <camera id="181" sensor_id="0" label="DJI_0182">
      <orientation>1</orientation>
      <reference x="21.015800861111099" y="52.247363944444402" z="113.813" yaw="259.59999999999997" pitch="0.099999999999993788" roll="-0" enabled="true" rotation_enabled="false"/>
    </camera>
    <camera id="182" sensor_id="0" label="DJI_0183">
      <orientation>1</orientation>
      <reference x="21.0156794722222" y="52.2473506944444" z="114.01300000000001" yaw="259.59999999999997" pitch="0" roll="-0" enabled="true" rotation_enabled="false"/>
    </camera>
    <camera id="183" sensor_id="0" label="DJI_0184">
      <orientation>1</orientation>
      <reference x="21.015555944444401" y="52.247335416666701" z="114.01300000000001" yaw="259.59999999999997" pitch="0" roll="-0" enabled="true" rotation_enabled="false"/>
    </camera>
    <camera id="184" sensor_id="0" label="DJI_0185">
      <orientation>1</orientation>
      <reference x="21.015441527777799" y="52.247321361111098" z="114.01300000000001" yaw="259.59999999999997" pitch="0.099999999999993788" roll="-0" enabled="true" rotation_enabled="false"/>
    </camera>
    <camera id="185" sensor_id="0" label="DJI_0186">
      <orientation>1</orientation>
      <reference x="21.0153236111111" y="52.247306027777803" z="114.01300000000001" yaw="259.59999999999997" pitch="0" roll="-0" enabled="true" rotation_enabled="false"/>
    </camera>
    <camera id="186" sensor_id="0" label="DJI_0187">
      <orientation>1</orientation>
      <reference x="21.0151983055556" y="52.247292916666702" z="114.113" yaw="259.59999999999997" pitch="0" roll="-0" enabled="true" rotation_enabled="false"/>
    </camera>
    <camera id="187" sensor_id="0" label="DJI_0188">
      <orientation>1</orientation>
      <reference x="21.015112444444402" y="52.247283555555597" z="114.01300000000001" yaw="259.59999999999997" pitch="0" roll="-0" enabled="true" rotation_enabled="false"/>
    </camera>
    <camera id="188" sensor_id="0" label="DJI_0189">
      <orientation>1</orientation>
      <reference x="21.014987722222202" y="52.247269166666698" z="114.113" yaw="259.59999999999997" pitch="0" roll="-0" enabled="true" rotation_enabled="false"/>
    </camera>
    <camera id="189" sensor_id="0" label="DJI_0190">
      <orientation>1</orientation>
      <reference x="21.014864888888901" y="52.247254972222201" z="114.113" yaw="259.5" pitch="0" roll="-0" enabled="true" rotation_enabled="false"/>
    </camera>
    <camera id="190" sensor_id="0" label="DJI_0191">
      <orientation>1</orientation>
      <reference x="21.014797805555599" y="52.247246500000003" z="113.813" yaw="176.09999999999999" pitch="0" roll="-0" enabled="true" rotation_enabled="false"/>
    </camera>
    <camera id="191" sensor_id="0" label="DJI_0192">
      <orientation>1</orientation>
      <reference x="21.014838444444401" y="52.247184138888898" z="114.113" yaw="170.49999999999997" pitch="0" roll="-0" enabled="true" rotation_enabled="false"/>
    </camera>
    <camera id="192" sensor_id="0" label="DJI_0193">
      <orientation>1</orientation>
      <reference x="21.014862277777802" y="52.247115388888901" z="114.01300000000001" yaw="170.09999999999999" pitch="0.099999999999993788" roll="-0" enabled="true" rotation_enabled="false"/>
    </camera>
    <camera id="193" sensor_id="0" label="DJI_0194">
      <orientation>1</orientation>
      <reference x="21.014871944444401" y="52.247094611111102" z="114.01300000000001" yaw="84.5" pitch="0" roll="-0" enabled="true" rotation_enabled="false"/>
    </camera>
    <camera id="194" sensor_id="0" label="DJI_0195">
      <orientation>1</orientation>
      <reference x="21.014964388888899" y="52.247112833333297" z="113.913" yaw="78.799999999999997" pitch="0" roll="-0" enabled="true" rotation_enabled="false"/>
    </camera>
    <camera id="195" sensor_id="0" label="DJI_0196">
      <orientation>1</orientation>
      <reference x="21.015080138888901" y="52.247125805555598" z="114.01300000000001" yaw="78.700000000000003" pitch="0" roll="-0" enabled="true" rotation_enabled="false"/>
    </camera>
    <camera id="196" sensor_id="0" label="DJI_0197">
      <orientation>1</orientation>
      <reference x="21.015194916666701" y="52.247138833333302" z="114.21299999999999" yaw="78.599999999999994" pitch="0" roll="-0" enabled="true" rotation_enabled="false"/>
    </camera>
    <camera id="197" sensor_id="0" label="DJI_0198">
      <orientation>1</orientation>
      <reference x="21.0153129444444" y="52.247153277777798" z="114.113" yaw="78.700000000000003" pitch="0.099999999999993788" roll="-0" enabled="true" rotation_enabled="false"/>
    </camera>
    <camera id="198" sensor_id="0" label="DJI_0199">
      <orientation>1</orientation>
      <reference x="21.0154316666667" y="52.247168055555598" z="114.01300000000001" yaw="78.799999999999997" pitch="0" roll="-0" enabled="true" rotation_enabled="false"/>
    </camera>
    <camera id="199" sensor_id="0" label="DJI_0200">
      <orientation>1</orientation>
      <reference x="21.015546694444399" y="52.247182305555597" z="114.01300000000001" yaw="78.799999999999997" pitch="0.099999999999993788" roll="-0" enabled="true" rotation_enabled="false"/>
    </camera>
    <camera id="200" sensor_id="0" label="DJI_0201">
      <orientation>1</orientation>
      <reference x="21.015663027777801" y="52.247197166666702" z="114.01300000000001" yaw="78.700000000000003" pitch="0.099999999999993788" roll="-0" enabled="true" rotation_enabled="false"/>
    </camera>
    <camera id="201" sensor_id="0" label="DJI_0202">
      <orientation>1</orientation>
      <reference x="21.0157781111111" y="52.247210805555603" z="114.113" yaw="78.700000000000003" pitch="0" roll="-0" enabled="true" rotation_enabled="false"/>
    </camera>
    <camera id="202" sensor_id="0" label="DJI_0203">
      <orientation>1</orientation>
      <reference x="21.015893277777799" y="52.2472248611111" z="114.113" yaw="78.700000000000003" pitch="0" roll="-0" enabled="true" rotation_enabled="false"/>
    </camera>
    <camera id="203" sensor_id="0" label="DJI_0204">
      <orientation>1</orientation>
      <reference x="21.016007694444401" y="52.247238027777797" z="114.113" yaw="78.599999999999994" pitch="0.099999999999993788" roll="-0" enabled="true" rotation_enabled="false"/>
    </camera>
    <camera id="204" sensor_id="0" label="DJI_0205">
      <orientation>1</orientation>
      <reference x="21.016122444444399" y="52.247252027777797" z="114.21299999999999" yaw="78.499999999999986" pitch="0" roll="-0" enabled="true" rotation_enabled="false"/>
    </camera>
    <camera id="205" sensor_id="0" label="DJI_0206">
      <orientation>1</orientation>
      <reference x="21.016242333333299" y="52.247265694444401" z="114.313" yaw="78.499999999999986" pitch="0.099999999999993788" roll="-0" enabled="true" rotation_enabled="false"/>
    </camera>
    <camera id="206" sensor_id="0" label="DJI_0207">
      <orientation>1</orientation>
      <reference x="21.016357916666699" y="52.247279722222203" z="114.21299999999999" yaw="78.400000000000006" pitch="0.099999999999993788" roll="-0" enabled="true" rotation_enabled="false"/>
    </camera>
    <camera id="207" sensor_id="0" label="DJI_0208">
      <orientation>1</orientation>
      <reference x="21.0164351666667" y="52.247285499999997" z="114.313" yaw="158.30000000000001" pitch="0.099999999999993788" roll="-0" enabled="true" rotation_enabled="false"/>
    </camera>
    <camera id="208" sensor_id="0" label="DJI_0209">
      <orientation>1</orientation>
      <reference x="21.016436916666699" y="52.247229388888897" z="114.313" yaw="168.19999999999999" pitch="0" roll="-0" enabled="true" rotation_enabled="false"/>
    </camera>
    <camera id="209" sensor_id="0" label="DJI_0210">
      <orientation>1</orientation>
      <reference x="21.01645525" y="52.247159388888903" z="114.01300000000001" yaw="168.69999999999999" pitch="0.099999999999993788" roll="-0" enabled="true" rotation_enabled="false"/>
    </camera>
    <camera id="210" sensor_id="0" label="DJI_0211">
      <orientation>1</orientation>
      <reference x="21.016472333333301" y="52.247126055555597" z="114.313" yaw="250.10000000000002" pitch="0" roll="-0" enabled="true" rotation_enabled="false"/>
    </camera>
    <camera id="211" sensor_id="0" label="DJI_0212">
      <orientation>1</orientation>
      <reference x="21.016380611111099" y="52.247123944444397" z="113.913" yaw="258.30000000000001" pitch="0.099999999999993788" roll="-0" enabled="true" rotation_enabled="false"/>
    </camera>
    <camera id="212" sensor_id="0" label="DJI_0213">
      <orientation>1</orientation>
      <reference x="21.0162621111111" y="52.2471111944444" z="114.113" yaw="258.80000000000001" pitch="0.099999999999993788" roll="-0" enabled="true" rotation_enabled="false"/>
    </camera>
    <camera id="213" sensor_id="0" label="DJI_0214">
      <orientation>1</orientation>
      <reference x="21.016145111111101" y="52.247099777777798" z="114.21299999999999" yaw="258.80000000000001" pitch="0" roll="-0" enabled="true" rotation_enabled="false"/>
    </camera>
    <camera id="214" sensor_id="0" label="DJI_0215">
      <orientation>1</orientation>
      <reference x="21.016062999999999" y="52.247091638888897" z="114.113" yaw="258.89999999999998" pitch="0" roll="-0" enabled="true" rotation_enabled="false"/>
    </camera>
    <camera id="215" sensor_id="0" label="DJI_0216">
      <orientation>1</orientation>
      <reference x="21.015940944444399" y="52.247077138888898" z="114.21299999999999" yaw="258.99999999999994" pitch="0.099999999999993788" roll="-0" enabled="true" rotation_enabled="false"/>
    </camera>
    <camera id="216" sensor_id="0" label="DJI_0217">
      <orientation>1</orientation>
      <reference x="21.015826194444401" y="52.247063944444399" z="114.113" yaw="259.19999999999999" pitch="0.099999999999993788" roll="-0" enabled="true" rotation_enabled="false"/>
    </camera>
    <camera id="217" sensor_id="0" label="DJI_0218">
      <orientation>1</orientation>
      <reference x="21.0157000277778" y="52.247048194444403" z="114.113" yaw="259.30000000000001" pitch="0.099999999999993788" roll="-0" enabled="true" rotation_enabled="false"/>
    </camera>
    <camera id="218" sensor_id="0" label="DJI_0219">
      <orientation>1</orientation>
      <reference x="21.015578777777801" y="52.247034111111098" z="114.21299999999999" yaw="259.30000000000001" pitch="0" roll="-0" enabled="true" rotation_enabled="false"/>
    </camera>
    <camera id="219" sensor_id="0" label="DJI_0220">
      <orientation>1</orientation>
      <reference x="21.015449277777801" y="52.247018527777797" z="114.113" yaw="259.30000000000001" pitch="0" roll="-0" enabled="true" rotation_enabled="false"/>
    </camera>
    <camera id="220" sensor_id="0" label="DJI_0221">
      <orientation>1</orientation>
      <reference x="21.0153333611111" y="52.2470053611111" z="114.113" yaw="259.39999999999998" pitch="0.099999999999993788" roll="-0" enabled="true" rotation_enabled="false"/>
    </camera>
    <camera id="221" sensor_id="0" label="DJI_0222">
      <orientation>1</orientation>
      <reference x="21.015219111111101" y="52.246992361111097" z="114.113" yaw="259.5" pitch="0" roll="-0" enabled="true" rotation_enabled="false"/>
    </camera>
    <camera id="222" sensor_id="0" label="DJI_0223">
      <orientation>1</orientation>
      <reference x="21.0151052222222" y="52.246979916666703" z="114.113" yaw="259.80000000000001" pitch="0.099999999999993788" roll="-0" enabled="true" rotation_enabled="false"/>
    </camera>
    <camera id="223" sensor_id="0" label="DJI_0224">
      <orientation>1</orientation>
      <reference x="21.014988666666699" y="52.246964861111103" z="114.113" yaw="259.39999999999998" pitch="0" roll="-0" enabled="true" rotation_enabled="false"/>
    </camera>
    <camera id="224" sensor_id="0" label="DJI_0225">
      <orientation>1</orientation>
      <reference x="21.015971305555599" y="52.2472864722222" z="64.706999999999994" yaw="67.299999999999997" pitch="90" roll="0" enabled="true" rotation_enabled="false"/>
    </camera>
    <camera id="225" sensor_id="0" label="DJI_0226">
      <orientation>1</orientation>
      <reference x="21.015962277777799" y="52.247304888888898" z="64.606999999999999" yaw="67.099999999999994" pitch="90" roll="0" enabled="true" rotation_enabled="false"/>
    </camera>
    <camera id="226" sensor_id="0" label="DJI_0227">
      <orientation>1</orientation>
      <reference x="21.015931666666699" y="52.247335027777801" z="64.706999999999994" yaw="70.099999999999994" pitch="90" roll="0" enabled="true" rotation_enabled="false"/>
    </camera>
    <camera id="227" sensor_id="0" label="DJI_0228">
      <orientation>1</orientation>
      <reference x="21.015932111111098" y="52.247355722222203" z="64.706999999999994" yaw="73" pitch="90" roll="0" enabled="true" rotation_enabled="false"/>
    </camera>
    <camera id="228" sensor_id="0" label="DJI_0229">
      <orientation>1</orientation>
      <reference x="21.015939750000001" y="52.2473538333333" z="64.706999999999994" yaw="73.099999999999994" pitch="90" roll="0" enabled="true" rotation_enabled="false"/>
    </camera>
    <camera id="229" sensor_id="0" label="DJI_0230">
      <orientation>1</orientation>
      <reference x="21.0159927777778" y="52.2473496666667" z="64.706999999999994" yaw="73.299999999999997" pitch="90" roll="0" enabled="true" rotation_enabled="false"/>
    </camera>
    <camera id="230" sensor_id="0" label="DJI_0231">
      <orientation>1</orientation>
      <reference x="21.015990250000002" y="52.247358861111103" z="64.706999999999994" yaw="73.200000000000003" pitch="90" roll="0" enabled="true" rotation_enabled="false"/>
    </camera>
    <camera id="231" sensor_id="0" label="DJI_0232">
      <orientation>1</orientation>
      <reference x="21.016001750000001" y="52.2473581666667" z="64.606999999999999" yaw="73.200000000000003" pitch="90" roll="0" enabled="true" rotation_enabled="false"/>
    </camera>
    <camera id="232" sensor_id="0" label="DJI_0233">
      <orientation>1</orientation>
      <reference x="21.016009888888899" y="52.2473486111111" z="64.706999999999994" yaw="73.299999999999997" pitch="90" roll="0" enabled="true" rotation_enabled="false"/>
    </camera>
    <camera id="233" sensor_id="0" label="DJI_0234">
      <orientation>1</orientation>
      <reference x="21.016023722222201" y="52.247344722222202" z="64.706999999999994" yaw="73.200000000000003" pitch="90" roll="0" enabled="true" rotation_enabled="false"/>
    </camera>
    <camera id="234" sensor_id="0" label="DJI_0235">
      <orientation>1</orientation>
      <reference x="21.016026750000002" y="52.247335694444402" z="64.706999999999994" yaw="78.799999999999997" pitch="90" roll="0" enabled="true" rotation_enabled="false"/>
    </camera>
    <camera id="235" sensor_id="0" label="DJI_0236">
      <orientation>1</orientation>
      <reference x="21.0160185555556" y="52.2473170833333" z="64.706999999999994" yaw="79.900000000000006" pitch="90" roll="0" enabled="true" rotation_enabled="false"/>
    </camera>
    <camera id="236" sensor_id="0" label="DJI_0237">
      <orientation>1</orientation>
      <reference x="21.016031722222198" y="52.247307861111103" z="64.706999999999994" yaw="80.299999999999997" pitch="90" roll="0" enabled="true" rotation_enabled="false"/>
    </camera>
    <camera id="237" sensor_id="0" label="DJI_0238">
      <orientation>1</orientation>
      <reference x="21.0160176944444" y="52.247297138888896" z="64.706999999999994" yaw="88.200000000000003" pitch="90" roll="0" enabled="true" rotation_enabled="false"/>
    </camera>
    <camera id="238" sensor_id="0" label="DJI_0239">
      <orientation>1</orientation>
      <reference x="21.016014583333298" y="52.2472905277778" z="64.706999999999994" yaw="87.499999999999986" pitch="90" roll="0" enabled="true" rotation_enabled="false"/>
    </camera>
    <camera id="239" sensor_id="0" label="DJI_0240">
      <orientation>1</orientation>
      <reference x="21.016005" y="52.247278305555596" z="64.706999999999994" yaw="87.299999999999997" pitch="90" roll="0" enabled="true" rotation_enabled="false"/>
    </camera>
    <camera id="240" sensor_id="0" label="DJI_0241">
      <orientation>1</orientation>
      <reference x="21.01600925" y="52.2472665833333" z="64.706999999999994" yaw="87.099999999999994" pitch="90" roll="0" enabled="true" rotation_enabled="false"/>
    </camera>
    <camera id="241" sensor_id="0" label="DJI_0242">
      <orientation>1</orientation>
      <reference x="21.0160129722222" y="52.247260611111102" z="64.706999999999994" yaw="87.099999999999994" pitch="90" roll="0" enabled="true" rotation_enabled="false"/>
    </camera>
    <camera id="242" sensor_id="0" label="DJI_0243">
      <orientation>1</orientation>
      <reference x="21.016008388888899" y="52.2472524722222" z="64.706999999999994" yaw="81.599999999999994" pitch="90" roll="0" enabled="true" rotation_enabled="false"/>
    </camera>
    <camera id="243" sensor_id="0" label="DJI_0244">
      <orientation>1</orientation>
      <reference x="21.016003833333301" y="52.247251333333303" z="64.706999999999994" yaw="76.400000000000006" pitch="90" roll="0" enabled="true" rotation_enabled="false"/>
    </camera>
    <camera id="244" sensor_id="0" label="DJI_0245">
      <orientation>1</orientation>
      <reference x="21.0160086666667" y="52.2472371666667" z="64.706999999999994" yaw="77.400000000000006" pitch="90" roll="0" enabled="true" rotation_enabled="false"/>
    </camera>
    <camera id="245" sensor_id="0" label="DJI_0246">
      <orientation>1</orientation>
      <reference x="21.016010861111099" y="52.24722525" z="64.706999999999994" yaw="77.400000000000006" pitch="90" roll="0" enabled="true" rotation_enabled="false"/>
    </camera>
    <camera id="246" sensor_id="0" label="DJI_0247">
      <orientation>1</orientation>
      <reference x="21.016017083333299" y="52.247212166666699" z="64.706999999999994" yaw="78.499999999999986" pitch="90" roll="0" enabled="true" rotation_enabled="false"/>
    </camera>
    <camera id="247" sensor_id="0" label="DJI_0248">
      <orientation>1</orientation>
      <reference x="21.016012694444399" y="52.247213416666703" z="65.007000000000005" yaw="74.700000000000003" pitch="90" roll="0" enabled="true" rotation_enabled="false"/>
    </camera>
    <camera id="248" sensor_id="0" label="DJI_0249">
      <orientation>1</orientation>
      <reference x="21.0160012777778" y="52.247208944444402" z="66.606999999999999" yaw="74.5" pitch="90" roll="0" enabled="true" rotation_enabled="false"/>
    </camera>
    <camera id="249" sensor_id="0" label="DJI_0250">
      <orientation>1</orientation>
      <reference x="21.016001166666701" y="52.247221694444399" z="66.606999999999999" yaw="74.299999999999997" pitch="90" roll="0" enabled="true" rotation_enabled="false"/>
    </camera>
    <camera id="250" sensor_id="0" label="DJI_0251">
      <orientation>1</orientation>
      <reference x="21.016000138888899" y="52.247239305555603" z="66.606999999999999" yaw="74.099999999999994" pitch="90" roll="0" enabled="true" rotation_enabled="false"/>
    </camera>
    <camera id="251" sensor_id="0" label="DJI_0252">
      <orientation>1</orientation>
      <reference x="21.0160029722222" y="52.247255138888903" z="66.606999999999999" yaw="74.099999999999994" pitch="90" roll="0" enabled="true" rotation_enabled="false"/>
    </camera>
    <camera id="252" sensor_id="0" label="DJI_0253">
      <orientation>1</orientation>
      <reference x="21.016003472222199" y="52.247268666666699" z="66.606999999999999" yaw="82.299999999999997" pitch="90" roll="0" enabled="true" rotation_enabled="false"/>
    </camera>
    <camera id="253" sensor_id="0" label="DJI_0254">
      <orientation>1</orientation>
      <reference x="21.016000916666702" y="52.247295388888901" z="66.706999999999994" yaw="82.799999999999997" pitch="90" roll="0" enabled="true" rotation_enabled="false"/>
    </camera>
    <camera id="254" sensor_id="0" label="DJI_0255">
      <orientation>1</orientation>
      <reference x="21.016000638888901" y="52.2472923611111" z="66.706999999999994" yaw="83" pitch="90" roll="0" enabled="true" rotation_enabled="false"/>
    </camera>
    <camera id="255" sensor_id="0" label="DJI_0256">
      <orientation>1</orientation>
      <reference x="21.015999361111099" y="52.247298916666701" z="66.606999999999999" yaw="83.200000000000003" pitch="90" roll="0" enabled="true" rotation_enabled="false"/>
    </camera>
    <camera id="256" sensor_id="0" label="DJI_0257">
      <orientation>1</orientation>
      <reference x="21.016005277777801" y="52.247310916666699" z="66.606999999999999" yaw="82.799999999999997" pitch="90" roll="0" enabled="true" rotation_enabled="false"/>
    </camera>
    <camera id="257" sensor_id="0" label="DJI_0258">
      <orientation>1</orientation>
      <reference x="21.016010055555601" y="52.247328277777797" z="66.606999999999999" yaw="83.09999999999998" pitch="90" roll="0" enabled="true" rotation_enabled="false"/>
    </camera>
    <camera id="258" sensor_id="0" label="DJI_0259">
      <orientation>1</orientation>
      <reference x="21.016007805555599" y="52.247315277777801" z="66.606999999999999" yaw="83.09999999999998" pitch="90" roll="0" enabled="true" rotation_enabled="false"/>
    </camera>
    <camera id="259" sensor_id="0" label="DJI_0260">
      <orientation>1</orientation>
      <reference x="21.016008083333301" y="52.247338083333297" z="66.606999999999999" yaw="83.200000000000003" pitch="90" roll="0" enabled="true" rotation_enabled="false"/>
    </camera>
    <camera id="260" sensor_id="0" label="DJI_0261">
      <orientation>1</orientation>
      <reference x="21.016010916666701" y="52.247360138888901" z="66.606999999999999" yaw="82.900000000000006" pitch="90" roll="0" enabled="true" rotation_enabled="false"/>
    </camera>
    <camera id="261" sensor_id="0" label="DJI_0262">
      <orientation>1</orientation>
      <reference x="21.016012555555601" y="52.247359750000001" z="68.507000000000005" yaw="83.200000000000003" pitch="90" roll="0" enabled="true" rotation_enabled="false"/>
    </camera>
    <camera id="262" sensor_id="0" label="DJI_0263">
      <orientation>1</orientation>
      <reference x="21.0160178888889" y="52.247349416666701" z="68.706999999999994" yaw="83.200000000000003" pitch="90" roll="0" enabled="true" rotation_enabled="false"/>
    </camera>
    <camera id="263" sensor_id="0" label="DJI_0264">
      <orientation>1</orientation>
      <reference x="21.0160167777778" y="52.247336333333301" z="68.706999999999994" yaw="83.200000000000003" pitch="90" roll="0" enabled="true" rotation_enabled="false"/>
    </camera>
    <camera id="264" sensor_id="0" label="DJI_0265">
      <orientation>1</orientation>
      <reference x="21.016026638888899" y="52.247319111111103" z="68.807000000000002" yaw="83.200000000000003" pitch="90" roll="0" enabled="true" rotation_enabled="false"/>
    </camera>
    <camera id="265" sensor_id="0" label="DJI_0266">
      <orientation>1</orientation>
      <reference x="21.0160299166667" y="52.247307166666701" z="68.807000000000002" yaw="83.200000000000003" pitch="90" roll="0" enabled="true" rotation_enabled="false"/>
    </camera>
    <camera id="266" sensor_id="0" label="DJI_0267">
      <orientation>1</orientation>
      <reference x="21.016040611111102" y="52.2472986388889" z="68.906999999999996" yaw="86.599999999999994" pitch="90" roll="0" enabled="true" rotation_enabled="false"/>
    </camera>
    <camera id="267" sensor_id="0" label="DJI_0268">
      <orientation>1</orientation>
      <reference x="21.016029416666701" y="52.247287416666701" z="68.807000000000002" yaw="83.900000000000006" pitch="90" roll="0" enabled="true" rotation_enabled="false"/>
    </camera>
    <camera id="268" sensor_id="0" label="DJI_0269">
      <orientation>1</orientation>
      <reference x="21.016033555555602" y="52.247277472222201" z="68.807000000000002" yaw="83.40000000000002" pitch="90" roll="0" enabled="true" rotation_enabled="false"/>
    </camera>
    <camera id="269" sensor_id="0" label="DJI_0270">
      <orientation>1</orientation>
      <reference x="21.016042694444401" y="52.247263944444398" z="68.906999999999996" yaw="83.299999999999997" pitch="90" roll="0" enabled="true" rotation_enabled="false"/>
    </camera>
    <camera id="270" sensor_id="0" label="DJI_0271">
      <orientation>1</orientation>
      <reference x="21.01604425" y="52.247254333333302" z="68.706999999999994" yaw="83.200000000000003" pitch="90" roll="0" enabled="true" rotation_enabled="false"/>
    </camera>
    <camera id="271" sensor_id="0" label="DJI_0272">
      <orientation>1</orientation>
      <reference x="21.016047944444399" y="52.247249500000002" z="68.807000000000002" yaw="83.09999999999998" pitch="90" roll="0" enabled="true" rotation_enabled="false"/>
    </camera>
    <camera id="272" sensor_id="0" label="DJI_0273">
      <orientation>1</orientation>
      <reference x="21.016051999999998" y="52.247231611111097" z="68.906999999999996" yaw="83.200000000000003" pitch="90" roll="0" enabled="true" rotation_enabled="false"/>
    </camera>
    <camera id="273" sensor_id="0" label="DJI_0274">
      <orientation>1</orientation>
      <reference x="21.0160503333333" y="52.247211888888899" z="68.807000000000002" yaw="83.299999999999997" pitch="90" roll="0" enabled="true" rotation_enabled="false"/>
    </camera>
    <camera id="274" sensor_id="0" label="DJI_0275">
      <orientation>1</orientation>
      <reference x="21.016052527777799" y="52.2472060277778" z="68.706999999999994" yaw="82.900000000000006" pitch="90" roll="0" enabled="true" rotation_enabled="false"/>
    </camera>
    <camera id="275" sensor_id="0" label="DJI_0276">
      <orientation>1</orientation>
      <reference x="21.016054722222201" y="52.247197222222198" z="70.106999999999999" yaw="82.900000000000006" pitch="90" roll="0" enabled="true" rotation_enabled="false"/>
    </camera>
    <camera id="276" sensor_id="0" label="DJI_0277">
      <orientation>1</orientation>
      <reference x="21.016050499999999" y="52.247211111111099" z="70.307000000000002" yaw="82.799999999999997" pitch="90" roll="0" enabled="true" rotation_enabled="false"/>
    </camera>
    <camera id="277" sensor_id="0" label="DJI_0278">
      <orientation>1</orientation>
      <reference x="21.016044583333301" y="52.247249361111102" z="70.406999999999996" yaw="83.299999999999997" pitch="90" roll="0" enabled="true" rotation_enabled="false"/>
    </camera>
    <camera id="278" sensor_id="0" label="DJI_0279">
      <orientation>1</orientation>
      <reference x="21.016037222222199" y="52.2472592777778" z="70.307000000000002" yaw="83.200000000000003" pitch="90" roll="0" enabled="true" rotation_enabled="false"/>
    </camera>
    <camera id="279" sensor_id="0" label="DJI_0280">
      <orientation>1</orientation>
      <reference x="21.016034166666699" y="52.247268055555601" z="70.307000000000002" yaw="83.299999999999997" pitch="90" roll="0" enabled="true" rotation_enabled="false"/>
    </camera>
    <camera id="280" sensor_id="0" label="DJI_0281">
      <orientation>1</orientation>
      <reference x="21.0160345" y="52.247276611111097" z="70.307000000000002" yaw="83" pitch="90" roll="0" enabled="true" rotation_enabled="false"/>
    </camera>
    <camera id="281" sensor_id="0" label="DJI_0282">
      <orientation>1</orientation>
      <reference x="21.0160245" y="52.2472875277778" z="70.406999999999996" yaw="83.200000000000003" pitch="90" roll="0" enabled="true" rotation_enabled="false"/>
    </camera>
    <camera id="282" sensor_id="0" label="DJI_0283">
      <orientation>1</orientation>
      <reference x="21.016034166666699" y="52.247300138888903" z="70.206999999999994" yaw="82.799999999999997" pitch="90" roll="0" enabled="true" rotation_enabled="false"/>
    </camera>
    <camera id="283" sensor_id="0" label="DJI_0284">
      <orientation>1</orientation>
      <reference x="21.016029777777799" y="52.247314555555597" z="70.307000000000002" yaw="82.799999999999997" pitch="90" roll="0" enabled="true" rotation_enabled="false"/>
    </camera>
    <camera id="284" sensor_id="0" label="DJI_0285">
      <orientation>1</orientation>
      <reference x="21.016033305555599" y="52.247322416666698" z="70.206999999999994" yaw="83.40000000000002" pitch="90" roll="0" enabled="true" rotation_enabled="false"/>
    </camera>
    <camera id="285" sensor_id="0" label="DJI_0286">
      <orientation>1</orientation>
      <reference x="21.0160269722222" y="52.247333194444401" z="70.307000000000002" yaw="83.200000000000003" pitch="90" roll="0" enabled="true" rotation_enabled="false"/>
    </camera>
    <camera id="286" sensor_id="0" label="DJI_0287">
      <orientation>1</orientation>
      <reference x="21.016026944444398" y="52.247342888888902" z="70.307000000000002" yaw="83.200000000000003" pitch="90" roll="0" enabled="true" rotation_enabled="false"/>
    </camera>
    <camera id="287" sensor_id="0" label="DJI_0288">
      <orientation>1</orientation>
      <reference x="21.0160069722222" y="52.247360666666701" z="70.206999999999994" yaw="83.09999999999998" pitch="90" roll="0" enabled="true" rotation_enabled="false"/>
    </camera>
    <camera id="288" sensor_id="0" label="DJI_0289">
      <orientation>1</orientation>
      <reference x="21.016003527777801" y="52.247355611111097" z="73.106999999999999" yaw="83.200000000000003" pitch="90" roll="0" enabled="true" rotation_enabled="false"/>
    </camera>
    <camera id="289" sensor_id="0" label="DJI_0290">
      <orientation>1</orientation>
      <reference x="21.0160060555556" y="52.247338777777799" z="72.906999999999996" yaw="82.599999999999994" pitch="90" roll="0" enabled="true" rotation_enabled="false"/>
    </camera>
    <camera id="290" sensor_id="0" label="DJI_0291">
      <orientation>1</orientation>
      <reference x="21.0160146111111" y="52.247323277777802" z="72.807000000000002" yaw="83" pitch="90" roll="0" enabled="true" rotation_enabled="false"/>
    </camera>
    <camera id="291" sensor_id="0" label="DJI_0292">
      <orientation>1</orientation>
      <reference x="21.0159895" y="52.247288388888897" z="72.906999999999996" yaw="83" pitch="90" roll="0" enabled="true" rotation_enabled="false"/>
    </camera>
    <camera id="292" sensor_id="0" label="DJI_0293">
      <orientation>1</orientation>
      <reference x="21.0160068333333" y="52.247276944444401" z="72.906999999999996" yaw="83.09999999999998" pitch="90" roll="0" enabled="true" rotation_enabled="false"/>
    </camera>
    <camera id="293" sensor_id="0" label="DJI_0294">
      <orientation>1</orientation>
      <reference x="21.0160278888889" y="52.247266833333299" z="73.007000000000005" yaw="82.900000000000006" pitch="90" roll="0" enabled="true" rotation_enabled="false"/>
    </camera>
    <camera id="294" sensor_id="0" label="DJI_0295">
      <orientation>1</orientation>
      <reference x="21.016046194444399" y="52.247250749999999" z="73.007000000000005" yaw="83.299999999999997" pitch="90" roll="0" enabled="true" rotation_enabled="false"/>
    </camera>
    <camera id="295" sensor_id="0" label="DJI_0296">
      <orientation>1</orientation>
      <reference x="21.016058611111099" y="52.247237722222202" z="72.906999999999996" yaw="83" pitch="90" roll="0" enabled="true" rotation_enabled="false"/>
    </camera>
    <camera id="296" sensor_id="0" label="DJI_0297">
      <orientation>1</orientation>
      <reference x="21.016058166666699" y="52.247219777777801" z="73.007000000000005" yaw="83" pitch="90" roll="0" enabled="true" rotation_enabled="false"/>
    </camera>
    <camera id="297" sensor_id="0" label="DJI_0298">
      <orientation>1</orientation>
      <reference x="21.016060972222199" y="52.247206388888898" z="73.206999999999994" yaw="82.900000000000006" pitch="90" roll="0" enabled="true" rotation_enabled="false"/>
    </camera>
    <camera id="298" sensor_id="0" label="DJI_0299">
      <orientation>1</orientation>
      <reference x="21.0160751111111" y="52.247186888888898" z="72.906999999999996" yaw="83.09999999999998" pitch="90" roll="0" enabled="true" rotation_enabled="false"/>
    </camera>
    <camera id="299" sensor_id="0" label="DJI_0300">
      <orientation>1</orientation>
      <reference x="21.016050277777801" y="52.247187388888896" z="74.807000000000002" yaw="83" pitch="90" roll="0" enabled="true" rotation_enabled="false"/>
    </camera>
    <camera id="300" sensor_id="0" label="DJI_0301">
      <orientation>1</orientation>
      <reference x="21.016045277777799" y="52.247222222222199" z="75.307000000000002" yaw="83.40000000000002" pitch="90" roll="0" enabled="true" rotation_enabled="false"/>
    </camera>
    <camera id="301" sensor_id="0" label="DJI_0302">
      <orientation>1</orientation>
      <reference x="21.016037499999999" y="52.247236722222198" z="75.307000000000002" yaw="83.299999999999997" pitch="90" roll="0" enabled="true" rotation_enabled="false"/>
    </camera>
    <camera id="302" sensor_id="0" label="DJI_0303">
      <orientation>1</orientation>
      <reference x="21.016021111111101" y="52.247254444444401" z="75.507000000000005" yaw="83.09999999999998" pitch="90" roll="0" enabled="true" rotation_enabled="false"/>
    </camera>
    <camera id="303" sensor_id="0" label="DJI_0304">
      <orientation>1</orientation>
      <reference x="21.016019166666698" y="52.247261000000002" z="75.406999999999996" yaw="83.200000000000003" pitch="89.000000000000099" roll="-0" enabled="true" rotation_enabled="false"/>
    </camera>
    <camera id="304" sensor_id="0" label="DJI_0305">
      <orientation>1</orientation>
      <reference x="21.0160200555556" y="52.247263277777797" z="75.106999999999999" yaw="82.799999999999997" pitch="90" roll="0" enabled="true" rotation_enabled="false"/>
    </camera>
    <camera id="305" sensor_id="0" label="DJI_0306">
      <orientation>1</orientation>
      <reference x="21.0160140833333" y="52.247281055555597" z="75.307000000000002" yaw="83" pitch="90" roll="0" enabled="true" rotation_enabled="false"/>
    </camera>
    <camera id="306" sensor_id="0" label="DJI_0307">
      <orientation>1</orientation>
      <reference x="21.015992333333301" y="52.247293694444402" z="75.507000000000005" yaw="83.09999999999998" pitch="90" roll="0" enabled="true" rotation_enabled="false"/>
    </camera>
    <camera id="307" sensor_id="0" label="DJI_0308">
      <orientation>1</orientation>
      <reference x="21.015978333333301" y="52.247305305555599" z="75.206999999999994" yaw="95" pitch="90" roll="0" enabled="true" rotation_enabled="false"/>
    </camera>
    <camera id="308" sensor_id="0" label="DJI_0309">
      <orientation>1</orientation>
      <reference x="21.015963361111101" y="52.2473257222222" z="76.206999999999994" yaw="96.399999999999991" pitch="89.000000000000099" roll="-0" enabled="true" rotation_enabled="false"/>
    </camera>
    <camera id="309" sensor_id="0" label="DJI_0310">
      <orientation>1</orientation>
      <reference x="21.015973138888899" y="52.247324888888897" z="77.206999999999994" yaw="82.599999999999994" pitch="56.100000000000009" roll="-0" enabled="true" rotation_enabled="false"/>
    </camera>
    <camera id="310" sensor_id="0" label="DJI_0311">
      <orientation>1</orientation>
      <reference x="21.0160073611111" y="52.247322111111103" z="77.406999999999996" yaw="79.700000000000003" pitch="56.100000000000009" roll="-0" enabled="true" rotation_enabled="false"/>
    </camera>
    <camera id="311" sensor_id="0" label="DJI_0312">
      <orientation>1</orientation>
      <reference x="21.0160057222222" y="52.2472864722222" z="77.507000000000005" yaw="79.400000000000006" pitch="56.100000000000009" roll="-0" enabled="true" rotation_enabled="false"/>
    </camera>
    <camera id="312" sensor_id="0" label="DJI_0313">
      <orientation>1</orientation>
      <reference x="21.016044388888901" y="52.2472908055556" z="78.606999999999999" yaw="79.299999999999997" pitch="56.100000000000009" roll="-0" enabled="true" rotation_enabled="false"/>
    </camera>
    <camera id="313" sensor_id="0" label="DJI_0314">
      <orientation>1</orientation>
      <reference x="21.016064027777801" y="52.247282055555601" z="78.807000000000002" yaw="79.400000000000006" pitch="56.100000000000009" roll="-0" enabled="true" rotation_enabled="false"/>
    </camera>
    <camera id="314" sensor_id="0" label="DJI_0315">
      <orientation>1</orientation>
      <reference x="21.0160571944444" y="52.247270555555602" z="78.906999999999996" yaw="83.40000000000002" pitch="56.100000000000009" roll="-0" enabled="true" rotation_enabled="false"/>
    </camera>
    <camera id="315" sensor_id="0" label="DJI_0316">
      <orientation>1</orientation>
      <reference x="21.0160749166667" y="52.24726175" z="78.906999999999996" yaw="81.700000000000003" pitch="56.100000000000009" roll="-0" enabled="true" rotation_enabled="false"/>
    </camera>
    <camera id="316" sensor_id="0" label="DJI_0317">
      <orientation>1</orientation>
      <reference x="21.016089888888899" y="52.247255222222201" z="79.007000000000005" yaw="83.09999999999998" pitch="56.100000000000009" roll="-0" enabled="true" rotation_enabled="false"/>
    </camera>
    <camera id="317" sensor_id="0" label="DJI_0318">
      <orientation>1</orientation>
      <reference x="21.0160883333333" y="52.247248361111097" z="78.906999999999996" yaw="83" pitch="56.100000000000009" roll="-0" enabled="true" rotation_enabled="false"/>
    </camera>
    <camera id="318" sensor_id="0" label="DJI_0319">
      <orientation>1</orientation>
      <reference x="21.016096000000001" y="52.247234083333304" z="78.807000000000002" yaw="57.699999999999996" pitch="56.100000000000009" roll="-0" enabled="true" rotation_enabled="false"/>
    </camera>
    <camera id="319" sensor_id="0" label="DJI_0320">
      <orientation>1</orientation>
      <reference x="21.016087944444401" y="52.247242083333298" z="79.007000000000005" yaw="48.100000000000001" pitch="56.100000000000009" roll="-0" enabled="true" rotation_enabled="false"/>
    </camera>
    <camera id="320" sensor_id="0" label="DJI_0321">
      <orientation>1</orientation>
      <reference x="21.0160830277778" y="52.247254833333301" z="78.906999999999996" yaw="47.399999999999999" pitch="56.100000000000009" roll="-0" enabled="true" rotation_enabled="false"/>
    </camera>
    <camera id="321" sensor_id="0" label="DJI_0322">
      <orientation>1</orientation>
      <reference x="21.016076666666699" y="52.247269250000002" z="78.807000000000002" yaw="47.200000000000003" pitch="56.100000000000009" roll="-0" enabled="true" rotation_enabled="false"/>
    </camera>
    <camera id="322" sensor_id="0" label="DJI_0323">
      <orientation>1</orientation>
      <reference x="21.016076611111099" y="52.247290333333297" z="79.007000000000005" yaw="47" pitch="56.100000000000009" roll="-0" enabled="true" rotation_enabled="false"/>
    </camera>
    <camera id="323" sensor_id="0" label="DJI_0324">
      <orientation>1</orientation>
      <reference x="21.016084972222199" y="52.24731525" z="78.807000000000002" yaw="116.59999999999999" pitch="56.100000000000009" roll="-0" enabled="true" rotation_enabled="false"/>
    </camera>
    <camera id="324" sensor_id="0" label="DJI_0325">
      <orientation>1</orientation>
      <reference x="21.0160632777778" y="52.247297250000003" z="78.606999999999999" yaw="116.69999999999999" pitch="56.100000000000009" roll="-0" enabled="true" rotation_enabled="false"/>
    </camera>
    <camera id="325" sensor_id="0" label="DJI_0326">
      <orientation>1</orientation>
      <reference x="21.016071499999999" y="52.247287249999999" z="78.906999999999996" yaw="100" pitch="56.100000000000009" roll="-0" enabled="true" rotation_enabled="false"/>
    </camera>
    <camera id="326" sensor_id="0" label="DJI_0327">
      <orientation>1</orientation>
      <reference x="21.016086583333301" y="52.247291638888903" z="79.007000000000005" yaw="110.40000000000001" pitch="56.100000000000009" roll="-0" enabled="true" rotation_enabled="false"/>
    </camera>
    <camera id="327" sensor_id="0" label="DJI_0328">
      <orientation>1</orientation>
      <reference x="21.0160826388889" y="52.247288722222201" z="78.906999999999996" yaw="110.7" pitch="56.100000000000009" roll="-0" enabled="true" rotation_enabled="false"/>
    </camera>
    <camera id="328" sensor_id="0" label="DJI_0329">
      <orientation>1</orientation>
      <reference x="21.016064750000002" y="52.247284666666701" z="79.206999999999994" yaw="111.29999999999998" pitch="56.100000000000009" roll="-0" enabled="true" rotation_enabled="false"/>
    </camera>
    <camera id="329" sensor_id="0" label="DJI_0330">
      <orientation>1</orientation>
      <reference x="21.016032305555601" y="52.247289666666703" z="77.007000000000005" yaw="262.60000000000002" pitch="56.100000000000009" roll="-0" enabled="true" rotation_enabled="false"/>
    </camera>
    <camera id="330" sensor_id="0" label="DJI_0331">
      <orientation>1</orientation>
      <reference x="21.016017916666701" y="52.2472883055556" z="66.706999999999994" yaw="262" pitch="56.100000000000009" roll="-0" enabled="true" rotation_enabled="false"/>
    </camera>
    <camera id="331" sensor_id="0" label="DJI_0332">
      <orientation>1</orientation>
      <reference x="21.015970444444399" y="52.247287888888899" z="65.748000000000005" yaw="132.19999999999999" pitch="56.100000000000009" roll="-0" enabled="true" rotation_enabled="false"/>
    </camera>
    <camera id="332" sensor_id="0" label="DJI_0333">
      <orientation>1</orientation>
      <reference x="21.01593725" y="52.247278583333298" z="64.363" yaw="162.5" pitch="56.100000000000009" roll="-0" enabled="true" rotation_enabled="false"/>
    </camera>
  </cameras>
  <markers next_id="11" next_group_id="0">
    <marker id="0" label="201">
      <reference x="7501014.1399999997" y="5790411.3080000002" z="90.956199999999995" enabled="true"/>
    </marker>
    <marker id="1" label="202">
      <reference x="7501034.2510000002" y="5790403.6689999998" z="85.102099999999993" enabled="true"/>
    </marker>
    <marker id="2" label="203">
      <reference x="7501036.9970000004" y="5790403.6679999996" z="85.089299999999994" enabled="true"/>
    </marker>
    <marker id="3" label="204">
      <reference x="7501044.807" y="5790397.8569999998" z="84.988900000000001" enabled="true"/>
    </marker>
    <marker id="4" label="205">
      <reference x="7501057.6560000004" y="5790397.5159999998" z="83.520499999999998" enabled="true"/>
    </marker>
    <marker id="5" label="206">
      <reference x="7501060.0329999998" y="5790402.4220000003" z="83.492199999999997" enabled="true"/>
    </marker>
    <marker id="6" label="207">
      <reference x="7501057.4069999997" y="5790409.6390000004" z="83.497900000000001" enabled="true"/>
    </marker>
    <marker id="7" label="208">
      <reference x="7501078.8530000001" y="5790405.9850000003" z="83.532499999999999" enabled="true"/>
    </marker>
    <marker id="8" label="209">
      <reference x="7501090.125" y="5790415.7620000001" z="83.487899999999996" enabled="true"/>
    </marker>
    <marker id="9" label="210">
      <reference x="7501091.5190000003" y="5790404.8940000003" z="83.493799999999993" enabled="true"/>
    </marker>
  </markers>
  <frames next_id="1">
    <frame id="0" path="0/frame.zip"/>
  </frames>
  <reference>GEOGCS["WGS 84",DATUM["World Geodetic System 1984 ensemble",SPHEROID["WGS 84",6378137,298.257223563,AUTHORITY["EPSG","7030"]],TOWGS84[0,0,0,0,0,0,0],AUTHORITY["EPSG","6326"]],PRIMEM["Greenwich",0,AUTHORITY["EPSG","8901"]],UNIT["degree",0.01745329251994328,AUTHORITY["EPSG","9102"]],AUTHORITY["EPSG","4326"]]</reference>
  <settings>
    <property name="accuracy_tiepoints" value="1"/>
    <property name="accuracy_cameras" value="10"/>
    <property name="accuracy_cameras_ypr" value="10"/>
    <property name="accuracy_markers" value="0.0050000000000000001"/>
    <property name="accuracy_scalebars" value="0.001"/>
    <property name="accuracy_projections" value="0.5"/>
  </settings>
  <meta>
    <property name="AlignCameras/adaptive_fitting" value="false"/>
    <property name="AlignCameras/cameras" value=""/>
    <property name="AlignCameras/duration" value="33.298161"/>
    <property name="AlignCameras/min_image" value="2"/>
    <property name="AlignCameras/point_clouds" value=""/>
    <property name="AlignCameras/ram_used" value="304541696"/>
    <property name="AlignCameras/reset_alignment" value="false"/>
    <property name="AlignCameras/subdivide_task" value="true"/>
    <property name="Info/LastSavedDateTime" value="2024:11:22 08:03:32"/>
    <property name="Info/LastSavedSoftwareVersion" value="2.1.3.18946"/>
    <property name="OptimizeCameras/sigma0" value="0"/>
  </meta>
</chunk>
