<?xml version="1.0" encoding="UTF-8"?>
<thumbnails version="1.2.0">
  <thumbnail camera_id="666" path="c666.jpg"/>
  <thumbnail camera_id="667" path="c667.jpg"/>
  <thumbnail camera_id="668" path="c668.jpg"/>
  <thumbnail camera_id="669" path="c669.jpg"/>
  <thumbnail camera_id="670" path="c670.jpg"/>
  <thumbnail camera_id="671" path="c671.jpg"/>
  <thumbnail camera_id="672" path="c672.jpg"/>
  <thumbnail camera_id="673" path="c673.jpg"/>
  <thumbnail camera_id="674" path="c674.jpg"/>
  <thumbnail camera_id="675" path="c675.jpg"/>
  <thumbnail camera_id="676" path="c676.jpg"/>
  <thumbnail camera_id="677" path="c677.jpg"/>
  <thumbnail camera_id="678" path="c678.jpg"/>
  <thumbnail camera_id="679" path="c679.jpg"/>
  <thumbnail camera_id="680" path="c680.jpg"/>
  <thumbnail camera_id="681" path="c681.jpg"/>
  <thumbnail camera_id="682" path="c682.jpg"/>
  <thumbnail camera_id="683" path="c683.jpg"/>
  <thumbnail camera_id="684" path="c684.jpg"/>
  <thumbnail camera_id="685" path="c685.jpg"/>
  <thumbnail camera_id="686" path="c686.jpg"/>
  <thumbnail camera_id="687" path="c687.jpg"/>
  <thumbnail camera_id="688" path="c688.jpg"/>
  <thumbnail camera_id="689" path="c689.jpg"/>
  <thumbnail camera_id="690" path="c690.jpg"/>
  <thumbnail camera_id="691" path="c691.jpg"/>
  <thumbnail camera_id="692" path="c692.jpg"/>
  <thumbnail camera_id="693" path="c693.jpg"/>
  <thumbnail camera_id="694" path="c694.jpg"/>
  <thumbnail camera_id="695" path="c695.jpg"/>
  <thumbnail camera_id="696" path="c696.jpg"/>
  <thumbnail camera_id="697" path="c697.jpg"/>
  <thumbnail camera_id="698" path="c698.jpg"/>
  <thumbnail camera_id="699" path="c699.jpg"/>
  <thumbnail camera_id="700" path="c700.jpg"/>
  <thumbnail camera_id="701" path="c701.jpg"/>
  <thumbnail camera_id="702" path="c702.jpg"/>
  <thumbnail camera_id="703" path="c703.jpg"/>
  <thumbnail camera_id="704" path="c704.jpg"/>
  <thumbnail camera_id="705" path="c705.jpg"/>
  <thumbnail camera_id="706" path="c706.jpg"/>
  <thumbnail camera_id="707" path="c707.jpg"/>
  <thumbnail camera_id="708" path="c708.jpg"/>
  <thumbnail camera_id="709" path="c709.jpg"/>
  <thumbnail camera_id="710" path="c710.jpg"/>
  <thumbnail camera_id="711" path="c711.jpg"/>
  <thumbnail camera_id="712" path="c712.jpg"/>
  <thumbnail camera_id="713" path="c713.jpg"/>
  <thumbnail camera_id="714" path="c714.jpg"/>
  <thumbnail camera_id="715" path="c715.jpg"/>
  <thumbnail camera_id="716" path="c716.jpg"/>
  <thumbnail camera_id="717" path="c717.jpg"/>
  <thumbnail camera_id="718" path="c718.jpg"/>
  <thumbnail camera_id="719" path="c719.jpg"/>
  <thumbnail camera_id="720" path="c720.jpg"/>
  <thumbnail camera_id="721" path="c721.jpg"/>
  <thumbnail camera_id="722" path="c722.jpg"/>
  <thumbnail camera_id="723" path="c723.jpg"/>
  <thumbnail camera_id="724" path="c724.jpg"/>
  <thumbnail camera_id="725" path="c725.jpg"/>
  <thumbnail camera_id="726" path="c726.jpg"/>
  <thumbnail camera_id="727" path="c727.jpg"/>
  <thumbnail camera_id="728" path="c728.jpg"/>
  <thumbnail camera_id="729" path="c729.jpg"/>
  <thumbnail camera_id="730" path="c730.jpg"/>
  <thumbnail camera_id="731" path="c731.jpg"/>
  <thumbnail camera_id="732" path="c732.jpg"/>
  <thumbnail camera_id="733" path="c733.jpg"/>
  <thumbnail camera_id="734" path="c734.jpg"/>
  <thumbnail camera_id="735" path="c735.jpg"/>
  <thumbnail camera_id="736" path="c736.jpg"/>
  <thumbnail camera_id="737" path="c737.jpg"/>
  <thumbnail camera_id="738" path="c738.jpg"/>
  <thumbnail camera_id="739" path="c739.jpg"/>
  <thumbnail camera_id="740" path="c740.jpg"/>
  <thumbnail camera_id="741" path="c741.jpg"/>
  <thumbnail camera_id="742" path="c742.jpg"/>
  <thumbnail camera_id="743" path="c743.jpg"/>
  <thumbnail camera_id="744" path="c744.jpg"/>
  <thumbnail camera_id="745" path="c745.jpg"/>
  <thumbnail camera_id="746" path="c746.jpg"/>
  <thumbnail camera_id="747" path="c747.jpg"/>
  <thumbnail camera_id="748" path="c748.jpg"/>
  <thumbnail camera_id="749" path="c749.jpg"/>
  <thumbnail camera_id="750" path="c750.jpg"/>
  <thumbnail camera_id="751" path="c751.jpg"/>
  <thumbnail camera_id="752" path="c752.jpg"/>
  <thumbnail camera_id="753" path="c753.jpg"/>
  <thumbnail camera_id="754" path="c754.jpg"/>
  <thumbnail camera_id="755" path="c755.jpg"/>
  <thumbnail camera_id="756" path="c756.jpg"/>
  <thumbnail camera_id="757" path="c757.jpg"/>
  <thumbnail camera_id="758" path="c758.jpg"/>
  <thumbnail camera_id="759" path="c759.jpg"/>
  <thumbnail camera_id="760" path="c760.jpg"/>
  <thumbnail camera_id="761" path="c761.jpg"/>
  <thumbnail camera_id="762" path="c762.jpg"/>
  <thumbnail camera_id="763" path="c763.jpg"/>
  <thumbnail camera_id="764" path="c764.jpg"/>
  <thumbnail camera_id="765" path="c765.jpg"/>
  <thumbnail camera_id="766" path="c766.jpg"/>
  <thumbnail camera_id="767" path="c767.jpg"/>
  <thumbnail camera_id="768" path="c768.jpg"/>
  <thumbnail camera_id="769" path="c769.jpg"/>
  <thumbnail camera_id="770" path="c770.jpg"/>
  <thumbnail camera_id="771" path="c771.jpg"/>
  <thumbnail camera_id="772" path="c772.jpg"/>
  <thumbnail camera_id="773" path="c773.jpg"/>
  <thumbnail camera_id="774" path="c774.jpg"/>
  <thumbnail camera_id="775" path="c775.jpg"/>
  <thumbnail camera_id="776" path="c776.jpg"/>
  <thumbnail camera_id="777" path="c777.jpg"/>
  <thumbnail camera_id="778" path="c778.jpg"/>
  <thumbnail camera_id="779" path="c779.jpg"/>
  <thumbnail camera_id="780" path="c780.jpg"/>
  <thumbnail camera_id="781" path="c781.jpg"/>
  <thumbnail camera_id="782" path="c782.jpg"/>
  <thumbnail camera_id="783" path="c783.jpg"/>
  <thumbnail camera_id="784" path="c784.jpg"/>
  <thumbnail camera_id="785" path="c785.jpg"/>
  <thumbnail camera_id="786" path="c786.jpg"/>
  <thumbnail camera_id="787" path="c787.jpg"/>
  <thumbnail camera_id="788" path="c788.jpg"/>
  <thumbnail camera_id="789" path="c789.jpg"/>
  <thumbnail camera_id="790" path="c790.jpg"/>
  <thumbnail camera_id="791" path="c791.jpg"/>
  <thumbnail camera_id="792" path="c792.jpg"/>
  <thumbnail camera_id="793" path="c793.jpg"/>
  <thumbnail camera_id="794" path="c794.jpg"/>
  <thumbnail camera_id="795" path="c795.jpg"/>
  <thumbnail camera_id="796" path="c796.jpg"/>
  <thumbnail camera_id="797" path="c797.jpg"/>
  <thumbnail camera_id="798" path="c798.jpg"/>
  <thumbnail camera_id="799" path="c799.jpg"/>
  <thumbnail camera_id="800" path="c800.jpg"/>
  <thumbnail camera_id="801" path="c801.jpg"/>
  <thumbnail camera_id="802" path="c802.jpg"/>
  <thumbnail camera_id="803" path="c803.jpg"/>
  <thumbnail camera_id="804" path="c804.jpg"/>
  <thumbnail camera_id="805" path="c805.jpg"/>
  <thumbnail camera_id="806" path="c806.jpg"/>
  <thumbnail camera_id="807" path="c807.jpg"/>
  <thumbnail camera_id="808" path="c808.jpg"/>
  <thumbnail camera_id="809" path="c809.jpg"/>
  <thumbnail camera_id="810" path="c810.jpg"/>
  <thumbnail camera_id="811" path="c811.jpg"/>
  <thumbnail camera_id="812" path="c812.jpg"/>
  <thumbnail camera_id="813" path="c813.jpg"/>
  <thumbnail camera_id="814" path="c814.jpg"/>
  <thumbnail camera_id="815" path="c815.jpg"/>
  <thumbnail camera_id="816" path="c816.jpg"/>
  <thumbnail camera_id="817" path="c817.jpg"/>
  <thumbnail camera_id="818" path="c818.jpg"/>
  <thumbnail camera_id="819" path="c819.jpg"/>
  <thumbnail camera_id="820" path="c820.jpg"/>
  <thumbnail camera_id="821" path="c821.jpg"/>
  <thumbnail camera_id="822" path="c822.jpg"/>
  <thumbnail camera_id="823" path="c823.jpg"/>
  <thumbnail camera_id="824" path="c824.jpg"/>
  <thumbnail camera_id="825" path="c825.jpg"/>
  <thumbnail camera_id="826" path="c826.jpg"/>
  <thumbnail camera_id="827" path="c827.jpg"/>
  <thumbnail camera_id="828" path="c828.jpg"/>
  <thumbnail camera_id="829" path="c829.jpg"/>
  <thumbnail camera_id="830" path="c830.jpg"/>
  <thumbnail camera_id="831" path="c831.jpg"/>
  <thumbnail camera_id="832" path="c832.jpg"/>
  <thumbnail camera_id="833" path="c833.jpg"/>
  <thumbnail camera_id="834" path="c834.jpg"/>
  <thumbnail camera_id="835" path="c835.jpg"/>
  <thumbnail camera_id="836" path="c836.jpg"/>
  <thumbnail camera_id="837" path="c837.jpg"/>
  <thumbnail camera_id="838" path="c838.jpg"/>
  <thumbnail camera_id="839" path="c839.jpg"/>
  <thumbnail camera_id="840" path="c840.jpg"/>
  <thumbnail camera_id="841" path="c841.jpg"/>
  <thumbnail camera_id="842" path="c842.jpg"/>
  <thumbnail camera_id="843" path="c843.jpg"/>
  <thumbnail camera_id="844" path="c844.jpg"/>
  <thumbnail camera_id="845" path="c845.jpg"/>
  <thumbnail camera_id="846" path="c846.jpg"/>
  <thumbnail camera_id="847" path="c847.jpg"/>
  <thumbnail camera_id="848" path="c848.jpg"/>
  <thumbnail camera_id="849" path="c849.jpg"/>
  <thumbnail camera_id="850" path="c850.jpg"/>
  <thumbnail camera_id="851" path="c851.jpg"/>
  <thumbnail camera_id="852" path="c852.jpg"/>
  <thumbnail camera_id="853" path="c853.jpg"/>
  <thumbnail camera_id="854" path="c854.jpg"/>
  <thumbnail camera_id="855" path="c855.jpg"/>
  <thumbnail camera_id="856" path="c856.jpg"/>
  <thumbnail camera_id="857" path="c857.jpg"/>
  <thumbnail camera_id="858" path="c858.jpg"/>
  <thumbnail camera_id="859" path="c859.jpg"/>
  <thumbnail camera_id="860" path="c860.jpg"/>
  <thumbnail camera_id="861" path="c861.jpg"/>
  <thumbnail camera_id="862" path="c862.jpg"/>
  <thumbnail camera_id="863" path="c863.jpg"/>
  <thumbnail camera_id="864" path="c864.jpg"/>
  <thumbnail camera_id="865" path="c865.jpg"/>
  <thumbnail camera_id="866" path="c866.jpg"/>
  <thumbnail camera_id="867" path="c867.jpg"/>
  <thumbnail camera_id="868" path="c868.jpg"/>
  <thumbnail camera_id="869" path="c869.jpg"/>
  <thumbnail camera_id="870" path="c870.jpg"/>
  <thumbnail camera_id="871" path="c871.jpg"/>
  <thumbnail camera_id="872" path="c872.jpg"/>
  <thumbnail camera_id="873" path="c873.jpg"/>
  <thumbnail camera_id="874" path="c874.jpg"/>
  <thumbnail camera_id="875" path="c875.jpg"/>
  <thumbnail camera_id="876" path="c876.jpg"/>
  <thumbnail camera_id="877" path="c877.jpg"/>
  <thumbnail camera_id="878" path="c878.jpg"/>
  <thumbnail camera_id="879" path="c879.jpg"/>
  <thumbnail camera_id="880" path="c880.jpg"/>
  <thumbnail camera_id="881" path="c881.jpg"/>
  <thumbnail camera_id="882" path="c882.jpg"/>
  <thumbnail camera_id="883" path="c883.jpg"/>
  <thumbnail camera_id="884" path="c884.jpg"/>
  <thumbnail camera_id="885" path="c885.jpg"/>
  <thumbnail camera_id="886" path="c886.jpg"/>
  <thumbnail camera_id="887" path="c887.jpg"/>
  <thumbnail camera_id="888" path="c888.jpg"/>
  <thumbnail camera_id="889" path="c889.jpg"/>
  <thumbnail camera_id="890" path="c890.jpg"/>
  <thumbnail camera_id="891" path="c891.jpg"/>
  <thumbnail camera_id="892" path="c892.jpg"/>
  <thumbnail camera_id="893" path="c893.jpg"/>
  <thumbnail camera_id="894" path="c894.jpg"/>
  <thumbnail camera_id="895" path="c895.jpg"/>
  <thumbnail camera_id="896" path="c896.jpg"/>
  <thumbnail camera_id="897" path="c897.jpg"/>
  <thumbnail camera_id="898" path="c898.jpg"/>
  <thumbnail camera_id="899" path="c899.jpg"/>
  <thumbnail camera_id="900" path="c900.jpg"/>
  <thumbnail camera_id="901" path="c901.jpg"/>
  <thumbnail camera_id="902" path="c902.jpg"/>
  <thumbnail camera_id="903" path="c903.jpg"/>
  <thumbnail camera_id="904" path="c904.jpg"/>
  <thumbnail camera_id="905" path="c905.jpg"/>
  <thumbnail camera_id="906" path="c906.jpg"/>
  <thumbnail camera_id="907" path="c907.jpg"/>
  <thumbnail camera_id="908" path="c908.jpg"/>
  <thumbnail camera_id="909" path="c909.jpg"/>
  <thumbnail camera_id="910" path="c910.jpg"/>
  <thumbnail camera_id="911" path="c911.jpg"/>
  <thumbnail camera_id="912" path="c912.jpg"/>
  <thumbnail camera_id="913" path="c913.jpg"/>
  <thumbnail camera_id="914" path="c914.jpg"/>
  <thumbnail camera_id="915" path="c915.jpg"/>
  <thumbnail camera_id="916" path="c916.jpg"/>
  <thumbnail camera_id="917" path="c917.jpg"/>
  <thumbnail camera_id="918" path="c918.jpg"/>
  <thumbnail camera_id="919" path="c919.jpg"/>
  <thumbnail camera_id="920" path="c920.jpg"/>
  <thumbnail camera_id="921" path="c921.jpg"/>
  <thumbnail camera_id="922" path="c922.jpg"/>
  <thumbnail camera_id="923" path="c923.jpg"/>
  <thumbnail camera_id="924" path="c924.jpg"/>
  <thumbnail camera_id="925" path="c925.jpg"/>
  <thumbnail camera_id="926" path="c926.jpg"/>
  <thumbnail camera_id="927" path="c927.jpg"/>
  <thumbnail camera_id="928" path="c928.jpg"/>
  <thumbnail camera_id="929" path="c929.jpg"/>
  <thumbnail camera_id="930" path="c930.jpg"/>
  <thumbnail camera_id="931" path="c931.jpg"/>
  <thumbnail camera_id="932" path="c932.jpg"/>
  <thumbnail camera_id="933" path="c933.jpg"/>
  <thumbnail camera_id="934" path="c934.jpg"/>
  <thumbnail camera_id="935" path="c935.jpg"/>
  <thumbnail camera_id="936" path="c936.jpg"/>
  <thumbnail camera_id="937" path="c937.jpg"/>
  <thumbnail camera_id="938" path="c938.jpg"/>
  <thumbnail camera_id="939" path="c939.jpg"/>
  <thumbnail camera_id="940" path="c940.jpg"/>
  <thumbnail camera_id="941" path="c941.jpg"/>
  <thumbnail camera_id="942" path="c942.jpg"/>
  <thumbnail camera_id="943" path="c943.jpg"/>
  <thumbnail camera_id="944" path="c944.jpg"/>
  <thumbnail camera_id="945" path="c945.jpg"/>
  <thumbnail camera_id="946" path="c946.jpg"/>
  <thumbnail camera_id="947" path="c947.jpg"/>
  <thumbnail camera_id="948" path="c948.jpg"/>
  <thumbnail camera_id="949" path="c949.jpg"/>
  <thumbnail camera_id="950" path="c950.jpg"/>
  <thumbnail camera_id="951" path="c951.jpg"/>
  <thumbnail camera_id="952" path="c952.jpg"/>
  <thumbnail camera_id="953" path="c953.jpg"/>
  <thumbnail camera_id="954" path="c954.jpg"/>
  <thumbnail camera_id="955" path="c955.jpg"/>
  <thumbnail camera_id="956" path="c956.jpg"/>
  <thumbnail camera_id="957" path="c957.jpg"/>
  <thumbnail camera_id="958" path="c958.jpg"/>
  <thumbnail camera_id="959" path="c959.jpg"/>
  <thumbnail camera_id="960" path="c960.jpg"/>
  <thumbnail camera_id="961" path="c961.jpg"/>
  <thumbnail camera_id="962" path="c962.jpg"/>
  <thumbnail camera_id="963" path="c963.jpg"/>
  <thumbnail camera_id="964" path="c964.jpg"/>
  <thumbnail camera_id="965" path="c965.jpg"/>
  <thumbnail camera_id="966" path="c966.jpg"/>
  <thumbnail camera_id="967" path="c967.jpg"/>
  <thumbnail camera_id="968" path="c968.jpg"/>
  <thumbnail camera_id="969" path="c969.jpg"/>
  <thumbnail camera_id="970" path="c970.jpg"/>
  <thumbnail camera_id="971" path="c971.jpg"/>
  <thumbnail camera_id="972" path="c972.jpg"/>
  <thumbnail camera_id="973" path="c973.jpg"/>
  <thumbnail camera_id="974" path="c974.jpg"/>
  <thumbnail camera_id="975" path="c975.jpg"/>
  <thumbnail camera_id="976" path="c976.jpg"/>
  <thumbnail camera_id="977" path="c977.jpg"/>
  <thumbnail camera_id="978" path="c978.jpg"/>
  <thumbnail camera_id="979" path="c979.jpg"/>
  <thumbnail camera_id="980" path="c980.jpg"/>
  <thumbnail camera_id="981" path="c981.jpg"/>
  <thumbnail camera_id="982" path="c982.jpg"/>
  <thumbnail camera_id="983" path="c983.jpg"/>
  <thumbnail camera_id="984" path="c984.jpg"/>
  <thumbnail camera_id="985" path="c985.jpg"/>
  <thumbnail camera_id="986" path="c986.jpg"/>
  <thumbnail camera_id="987" path="c987.jpg"/>
  <thumbnail camera_id="988" path="c988.jpg"/>
  <thumbnail camera_id="989" path="c989.jpg"/>
  <thumbnail camera_id="990" path="c990.jpg"/>
  <thumbnail camera_id="991" path="c991.jpg"/>
  <thumbnail camera_id="992" path="c992.jpg"/>
  <thumbnail camera_id="993" path="c993.jpg"/>
  <thumbnail camera_id="994" path="c994.jpg"/>
  <thumbnail camera_id="995" path="c995.jpg"/>
  <thumbnail camera_id="996" path="c996.jpg"/>
  <thumbnail camera_id="997" path="c997.jpg"/>
  <thumbnail camera_id="998" path="c998.jpg"/>
</thumbnails>
