<?xml version="1.0" encoding="UTF-8"?>
<point_cloud version="1.2.0">
  <params>
    <dataType>uint8</dataType>
    <bands>
      <band label="Red"/>
      <band label="Green"/>
      <band label="Blue"/>
    </bands>
  </params>
  <tracks path="tracks.ply" count="92679"/>
  <projections camera_id="666" path="p666.ply" count="1149"/>
  <projections camera_id="667" path="p667.ply" count="1090"/>
  <projections camera_id="668" path="p668.ply" count="1097"/>
  <projections camera_id="669" path="p669.ply" count="1190"/>
  <projections camera_id="670" path="p670.ply" count="1344"/>
  <projections camera_id="671" path="p671.ply" count="1325"/>
  <projections camera_id="672" path="p672.ply" count="1214"/>
  <projections camera_id="673" path="p673.ply" count="1095"/>
  <projections camera_id="674" path="p674.ply" count="1121"/>
  <projections camera_id="675" path="p675.ply" count="1132"/>
  <projections camera_id="676" path="p676.ply" count="1158"/>
  <projections camera_id="677" path="p677.ply" count="1114"/>
  <projections camera_id="678" path="p678.ply" count="1023"/>
  <projections camera_id="679" path="p679.ply" count="978"/>
  <projections camera_id="680" path="p680.ply" count="946"/>
  <projections camera_id="681" path="p681.ply" count="913"/>
  <projections camera_id="682" path="p682.ply" count="722"/>
  <projections camera_id="683" path="p683.ply" count="1009"/>
  <projections camera_id="684" path="p684.ply" count="1092"/>
  <projections camera_id="685" path="p685.ply" count="1041"/>
  <projections camera_id="686" path="p686.ply" count="998"/>
  <projections camera_id="687" path="p687.ply" count="537"/>
  <projections camera_id="688" path="p688.ply" count="835"/>
  <projections camera_id="689" path="p689.ply" count="956"/>
  <projections camera_id="690" path="p690.ply" count="1022"/>
  <projections camera_id="691" path="p691.ply" count="1022"/>
  <projections camera_id="692" path="p692.ply" count="863"/>
  <projections camera_id="693" path="p693.ply" count="1053"/>
  <projections camera_id="694" path="p694.ply" count="815"/>
  <projections camera_id="695" path="p695.ply" count="1017"/>
  <projections camera_id="696" path="p696.ply" count="1013"/>
  <projections camera_id="697" path="p697.ply" count="907"/>
  <projections camera_id="698" path="p698.ply" count="845"/>
  <projections camera_id="699" path="p699.ply" count="804"/>
  <projections camera_id="700" path="p700.ply" count="776"/>
  <projections camera_id="701" path="p701.ply" count="670"/>
  <projections camera_id="702" path="p702.ply" count="682"/>
  <projections camera_id="703" path="p703.ply" count="821"/>
  <projections camera_id="704" path="p704.ply" count="906"/>
  <projections camera_id="705" path="p705.ply" count="879"/>
  <projections camera_id="706" path="p706.ply" count="1080"/>
  <projections camera_id="707" path="p707.ply" count="1066"/>
  <projections camera_id="708" path="p708.ply" count="992"/>
  <projections camera_id="709" path="p709.ply" count="987"/>
  <projections camera_id="710" path="p710.ply" count="1044"/>
  <projections camera_id="711" path="p711.ply" count="929"/>
  <projections camera_id="712" path="p712.ply" count="1084"/>
  <projections camera_id="713" path="p713.ply" count="1058"/>
  <projections camera_id="714" path="p714.ply" count="681"/>
  <projections camera_id="715" path="p715.ply" count="802"/>
  <projections camera_id="716" path="p716.ply" count="929"/>
  <projections camera_id="717" path="p717.ply" count="943"/>
  <projections camera_id="718" path="p718.ply" count="782"/>
  <projections camera_id="719" path="p719.ply" count="1017"/>
  <projections camera_id="720" path="p720.ply" count="904"/>
  <projections camera_id="721" path="p721.ply" count="830"/>
  <projections camera_id="722" path="p722.ply" count="818"/>
  <projections camera_id="723" path="p723.ply" count="804"/>
  <projections camera_id="724" path="p724.ply" count="742"/>
  <projections camera_id="725" path="p725.ply" count="825"/>
  <projections camera_id="726" path="p726.ply" count="1108"/>
  <projections camera_id="727" path="p727.ply" count="993"/>
  <projections camera_id="728" path="p728.ply" count="953"/>
  <projections camera_id="729" path="p729.ply" count="1048"/>
  <projections camera_id="730" path="p730.ply" count="837"/>
  <projections camera_id="731" path="p731.ply" count="864"/>
  <projections camera_id="732" path="p732.ply" count="972"/>
  <projections camera_id="733" path="p733.ply" count="950"/>
  <projections camera_id="734" path="p734.ply" count="1026"/>
  <projections camera_id="735" path="p735.ply" count="1042"/>
  <projections camera_id="736" path="p736.ply" count="770"/>
  <projections camera_id="737" path="p737.ply" count="809"/>
  <projections camera_id="738" path="p738.ply" count="902"/>
  <projections camera_id="739" path="p739.ply" count="874"/>
  <projections camera_id="740" path="p740.ply" count="943"/>
  <projections camera_id="741" path="p741.ply" count="985"/>
  <projections camera_id="742" path="p742.ply" count="1125"/>
  <projections camera_id="743" path="p743.ply" count="958"/>
  <projections camera_id="744" path="p744.ply" count="1032"/>
  <projections camera_id="745" path="p745.ply" count="1196"/>
  <projections camera_id="746" path="p746.ply" count="1212"/>
  <projections camera_id="747" path="p747.ply" count="770"/>
  <projections camera_id="748" path="p748.ply" count="995"/>
  <projections camera_id="749" path="p749.ply" count="682"/>
  <projections camera_id="750" path="p750.ply" count="561"/>
  <projections camera_id="751" path="p751.ply" count="561"/>
  <projections camera_id="752" path="p752.ply" count="777"/>
  <projections camera_id="753" path="p753.ply" count="1154"/>
  <projections camera_id="754" path="p754.ply" count="999"/>
  <projections camera_id="755" path="p755.ply" count="1126"/>
  <projections camera_id="756" path="p756.ply" count="1152"/>
  <projections camera_id="757" path="p757.ply" count="983"/>
  <projections camera_id="758" path="p758.ply" count="1250"/>
  <projections camera_id="759" path="p759.ply" count="869"/>
  <projections camera_id="760" path="p760.ply" count="1218"/>
  <projections camera_id="761" path="p761.ply" count="1324"/>
  <projections camera_id="762" path="p762.ply" count="1031"/>
  <projections camera_id="763" path="p763.ply" count="1108"/>
  <projections camera_id="764" path="p764.ply" count="1154"/>
  <projections camera_id="765" path="p765.ply" count="1278"/>
  <projections camera_id="766" path="p766.ply" count="1277"/>
  <projections camera_id="767" path="p767.ply" count="1191"/>
  <projections camera_id="768" path="p768.ply" count="990"/>
  <projections camera_id="769" path="p769.ply" count="803"/>
  <projections camera_id="770" path="p770.ply" count="942"/>
  <projections camera_id="771" path="p771.ply" count="950"/>
  <projections camera_id="772" path="p772.ply" count="942"/>
  <projections camera_id="773" path="p773.ply" count="933"/>
  <projections camera_id="774" path="p774.ply" count="1033"/>
  <projections camera_id="775" path="p775.ply" count="801"/>
  <projections camera_id="776" path="p776.ply" count="750"/>
  <projections camera_id="777" path="p777.ply" count="718"/>
  <projections camera_id="778" path="p778.ply" count="759"/>
  <projections camera_id="779" path="p779.ply" count="964"/>
  <projections camera_id="780" path="p780.ply" count="844"/>
  <projections camera_id="781" path="p781.ply" count="852"/>
  <projections camera_id="782" path="p782.ply" count="702"/>
  <projections camera_id="783" path="p783.ply" count="467"/>
  <projections camera_id="784" path="p784.ply" count="546"/>
  <projections camera_id="785" path="p785.ply" count="528"/>
  <projections camera_id="786" path="p786.ply" count="968"/>
  <projections camera_id="787" path="p787.ply" count="943"/>
  <projections camera_id="788" path="p788.ply" count="889"/>
  <projections camera_id="789" path="p789.ply" count="938"/>
  <projections camera_id="790" path="p790.ply" count="906"/>
  <projections camera_id="791" path="p791.ply" count="897"/>
  <projections camera_id="792" path="p792.ply" count="744"/>
  <projections camera_id="793" path="p793.ply" count="565"/>
  <projections camera_id="794" path="p794.ply" count="988"/>
  <projections camera_id="795" path="p795.ply" count="1284"/>
  <projections camera_id="796" path="p796.ply" count="1373"/>
  <projections camera_id="797" path="p797.ply" count="1436"/>
  <projections camera_id="798" path="p798.ply" count="1268"/>
  <projections camera_id="799" path="p799.ply" count="1287"/>
  <projections camera_id="800" path="p800.ply" count="1185"/>
  <projections camera_id="801" path="p801.ply" count="929"/>
  <projections camera_id="802" path="p802.ply" count="829"/>
  <projections camera_id="803" path="p803.ply" count="888"/>
  <projections camera_id="804" path="p804.ply" count="1044"/>
  <projections camera_id="805" path="p805.ply" count="980"/>
  <projections camera_id="806" path="p806.ply" count="1236"/>
  <projections camera_id="807" path="p807.ply" count="1208"/>
  <projections camera_id="808" path="p808.ply" count="888"/>
  <projections camera_id="809" path="p809.ply" count="1192"/>
  <projections camera_id="810" path="p810.ply" count="1246"/>
  <projections camera_id="811" path="p811.ply" count="760"/>
  <projections camera_id="812" path="p812.ply" count="667"/>
  <projections camera_id="813" path="p813.ply" count="1025"/>
  <projections camera_id="814" path="p814.ply" count="1236"/>
  <projections camera_id="815" path="p815.ply" count="1265"/>
  <projections camera_id="816" path="p816.ply" count="1468"/>
  <projections camera_id="817" path="p817.ply" count="1116"/>
  <projections camera_id="818" path="p818.ply" count="1108"/>
  <projections camera_id="819" path="p819.ply" count="1060"/>
  <projections camera_id="820" path="p820.ply" count="658"/>
  <projections camera_id="821" path="p821.ply" count="460"/>
  <projections camera_id="822" path="p822.ply" count="231"/>
  <projections camera_id="823" path="p823.ply" count="773"/>
  <projections camera_id="824" path="p824.ply" count="327"/>
  <projections camera_id="825" path="p825.ply" count="639"/>
  <projections camera_id="826" path="p826.ply" count="787"/>
  <projections camera_id="827" path="p827.ply" count="635"/>
  <projections camera_id="828" path="p828.ply" count="462"/>
  <projections camera_id="829" path="p829.ply" count="541"/>
  <projections camera_id="830" path="p830.ply" count="708"/>
  <projections camera_id="831" path="p831.ply" count="828"/>
  <projections camera_id="832" path="p832.ply" count="989"/>
  <projections camera_id="833" path="p833.ply" count="1104"/>
  <projections camera_id="834" path="p834.ply" count="1192"/>
  <projections camera_id="835" path="p835.ply" count="1223"/>
  <projections camera_id="836" path="p836.ply" count="1251"/>
  <projections camera_id="837" path="p837.ply" count="1521"/>
  <projections camera_id="838" path="p838.ply" count="1471"/>
  <projections camera_id="839" path="p839.ply" count="1512"/>
  <projections camera_id="840" path="p840.ply" count="1394"/>
  <projections camera_id="841" path="p841.ply" count="1545"/>
  <projections camera_id="842" path="p842.ply" count="1675"/>
  <projections camera_id="843" path="p843.ply" count="1536"/>
  <projections camera_id="844" path="p844.ply" count="1290"/>
  <projections camera_id="845" path="p845.ply" count="1225"/>
  <projections camera_id="846" path="p846.ply" count="1252"/>
  <projections camera_id="847" path="p847.ply" count="1246"/>
  <projections camera_id="848" path="p848.ply" count="1263"/>
  <projections camera_id="849" path="p849.ply" count="1085"/>
  <projections camera_id="850" path="p850.ply" count="917"/>
  <projections camera_id="851" path="p851.ply" count="877"/>
  <projections camera_id="852" path="p852.ply" count="831"/>
  <projections camera_id="853" path="p853.ply" count="865"/>
  <projections camera_id="854" path="p854.ply" count="983"/>
  <projections camera_id="855" path="p855.ply" count="1083"/>
  <projections camera_id="856" path="p856.ply" count="1057"/>
  <projections camera_id="857" path="p857.ply" count="1141"/>
  <projections camera_id="858" path="p858.ply" count="1341"/>
  <projections camera_id="859" path="p859.ply" count="1240"/>
  <projections camera_id="860" path="p860.ply" count="1365"/>
  <projections camera_id="861" path="p861.ply" count="1278"/>
  <projections camera_id="862" path="p862.ply" count="1141"/>
  <projections camera_id="863" path="p863.ply" count="1211"/>
  <projections camera_id="864" path="p864.ply" count="1062"/>
  <projections camera_id="865" path="p865.ply" count="1145"/>
  <projections camera_id="866" path="p866.ply" count="1148"/>
  <projections camera_id="867" path="p867.ply" count="1137"/>
  <projections camera_id="868" path="p868.ply" count="1146"/>
  <projections camera_id="869" path="p869.ply" count="1144"/>
  <projections camera_id="870" path="p870.ply" count="1210"/>
  <projections camera_id="871" path="p871.ply" count="1284"/>
  <projections camera_id="872" path="p872.ply" count="1239"/>
  <projections camera_id="873" path="p873.ply" count="1365"/>
  <projections camera_id="874" path="p874.ply" count="1276"/>
  <projections camera_id="875" path="p875.ply" count="1310"/>
  <projections camera_id="876" path="p876.ply" count="1182"/>
  <projections camera_id="877" path="p877.ply" count="1299"/>
  <projections camera_id="878" path="p878.ply" count="1295"/>
  <projections camera_id="879" path="p879.ply" count="1124"/>
  <projections camera_id="880" path="p880.ply" count="1191"/>
  <projections camera_id="881" path="p881.ply" count="1111"/>
  <projections camera_id="882" path="p882.ply" count="1245"/>
  <projections camera_id="883" path="p883.ply" count="1272"/>
  <projections camera_id="884" path="p884.ply" count="1244"/>
  <projections camera_id="885" path="p885.ply" count="1260"/>
  <projections camera_id="886" path="p886.ply" count="1197"/>
  <projections camera_id="887" path="p887.ply" count="1194"/>
  <projections camera_id="888" path="p888.ply" count="1188"/>
  <projections camera_id="889" path="p889.ply" count="941"/>
  <projections camera_id="890" path="p890.ply" count="576"/>
  <projections camera_id="891" path="p891.ply" count="581"/>
  <projections camera_id="892" path="p892.ply" count="471"/>
  <projections camera_id="893" path="p893.ply" count="505"/>
  <projections camera_id="894" path="p894.ply" count="560"/>
  <projections camera_id="895" path="p895.ply" count="841"/>
  <projections camera_id="896" path="p896.ply" count="725"/>
  <projections camera_id="897" path="p897.ply" count="648"/>
  <projections camera_id="898" path="p898.ply" count="785"/>
  <projections camera_id="899" path="p899.ply" count="439"/>
  <projections camera_id="900" path="p900.ply" count="393"/>
  <projections camera_id="901" path="p901.ply" count="538"/>
  <projections camera_id="902" path="p902.ply" count="454"/>
  <projections camera_id="903" path="p903.ply" count="660"/>
  <projections camera_id="904" path="p904.ply" count="640"/>
  <projections camera_id="905" path="p905.ply" count="676"/>
  <projections camera_id="906" path="p906.ply" count="578"/>
  <projections camera_id="907" path="p907.ply" count="615"/>
  <projections camera_id="908" path="p908.ply" count="664"/>
  <projections camera_id="909" path="p909.ply" count="703"/>
  <projections camera_id="910" path="p910.ply" count="531"/>
  <projections camera_id="911" path="p911.ply" count="435"/>
  <projections camera_id="912" path="p912.ply" count="601"/>
  <projections camera_id="913" path="p913.ply" count="734"/>
  <projections camera_id="914" path="p914.ply" count="555"/>
  <projections camera_id="915" path="p915.ply" count="750"/>
  <projections camera_id="916" path="p916.ply" count="804"/>
  <projections camera_id="917" path="p917.ply" count="763"/>
  <projections camera_id="918" path="p918.ply" count="911"/>
  <projections camera_id="919" path="p919.ply" count="955"/>
  <projections camera_id="920" path="p920.ply" count="1008"/>
  <projections camera_id="921" path="p921.ply" count="927"/>
  <projections camera_id="922" path="p922.ply" count="939"/>
  <projections camera_id="923" path="p923.ply" count="750"/>
  <projections camera_id="924" path="p924.ply" count="870"/>
  <projections camera_id="925" path="p925.ply" count="751"/>
  <projections camera_id="926" path="p926.ply" count="592"/>
  <projections camera_id="927" path="p927.ply" count="773"/>
  <projections camera_id="928" path="p928.ply" count="917"/>
  <projections camera_id="929" path="p929.ply" count="944"/>
  <projections camera_id="930" path="p930.ply" count="854"/>
  <projections camera_id="931" path="p931.ply" count="936"/>
  <projections camera_id="932" path="p932.ply" count="717"/>
  <projections camera_id="933" path="p933.ply" count="1006"/>
  <projections camera_id="934" path="p934.ply" count="924"/>
  <projections camera_id="935" path="p935.ply" count="827"/>
  <projections camera_id="936" path="p936.ply" count="978"/>
  <projections camera_id="937" path="p937.ply" count="889"/>
  <projections camera_id="938" path="p938.ply" count="781"/>
  <projections camera_id="939" path="p939.ply" count="797"/>
  <projections camera_id="940" path="p940.ply" count="692"/>
  <projections camera_id="941" path="p941.ply" count="523"/>
  <projections camera_id="942" path="p942.ply" count="770"/>
  <projections camera_id="943" path="p943.ply" count="974"/>
  <projections camera_id="944" path="p944.ply" count="1000"/>
  <projections camera_id="945" path="p945.ply" count="1034"/>
  <projections camera_id="946" path="p946.ply" count="1089"/>
  <projections camera_id="947" path="p947.ply" count="1037"/>
  <projections camera_id="948" path="p948.ply" count="908"/>
  <projections camera_id="949" path="p949.ply" count="1010"/>
  <projections camera_id="950" path="p950.ply" count="819"/>
  <projections camera_id="951" path="p951.ply" count="979"/>
  <projections camera_id="952" path="p952.ply" count="898"/>
  <projections camera_id="953" path="p953.ply" count="614"/>
  <projections camera_id="954" path="p954.ply" count="583"/>
  <projections camera_id="955" path="p955.ply" count="794"/>
  <projections camera_id="956" path="p956.ply" count="849"/>
  <projections camera_id="957" path="p957.ply" count="1051"/>
  <projections camera_id="958" path="p958.ply" count="1140"/>
  <projections camera_id="959" path="p959.ply" count="1111"/>
  <projections camera_id="960" path="p960.ply" count="903"/>
  <projections camera_id="961" path="p961.ply" count="773"/>
  <projections camera_id="962" path="p962.ply" count="798"/>
  <projections camera_id="963" path="p963.ply" count="718"/>
  <projections camera_id="964" path="p964.ply" count="377"/>
  <projections camera_id="965" path="p965.ply" count="326"/>
  <projections camera_id="966" path="p966.ply" count="690"/>
  <projections camera_id="967" path="p967.ply" count="781"/>
  <projections camera_id="968" path="p968.ply" count="1029"/>
  <projections camera_id="969" path="p969.ply" count="1223"/>
  <projections camera_id="970" path="p970.ply" count="1086"/>
  <projections camera_id="971" path="p971.ply" count="950"/>
  <projections camera_id="972" path="p972.ply" count="949"/>
  <projections camera_id="973" path="p973.ply" count="778"/>
  <projections camera_id="974" path="p974.ply" count="730"/>
  <projections camera_id="975" path="p975.ply" count="948"/>
  <projections camera_id="976" path="p976.ply" count="1005"/>
  <projections camera_id="977" path="p977.ply" count="890"/>
  <projections camera_id="978" path="p978.ply" count="1178"/>
  <projections camera_id="979" path="p979.ply" count="1506"/>
  <projections camera_id="980" path="p980.ply" count="1351"/>
  <projections camera_id="981" path="p981.ply" count="1380"/>
  <projections camera_id="982" path="p982.ply" count="1696"/>
  <projections camera_id="983" path="p983.ply" count="1360"/>
  <projections camera_id="984" path="p984.ply" count="976"/>
  <projections camera_id="985" path="p985.ply" count="1478"/>
  <projections camera_id="986" path="p986.ply" count="1522"/>
  <projections camera_id="987" path="p987.ply" count="1337"/>
  <projections camera_id="988" path="p988.ply" count="1013"/>
  <projections camera_id="989" path="p989.ply" count="454"/>
  <projections camera_id="990" path="p990.ply" count="1398"/>
  <projections camera_id="991" path="p991.ply" count="1798"/>
  <projections camera_id="992" path="p992.ply" count="1089"/>
  <projections camera_id="993" path="p993.ply" count="1608"/>
  <projections camera_id="994" path="p994.ply" count="1639"/>
  <projections camera_id="995" path="p995.ply" count="10"/>
  <projections camera_id="996" path="p996.ply" count="10"/>
  <projections camera_id="997" path="p997.ply" count="0"/>
  <projections camera_id="998" path="p998.ply" count="0"/>
  <meta>
    <property name="Info/LastSavedDateTime" value="2024:11:08 08:49:01"/>
    <property name="Info/LastSavedSoftwareVersion" value="2.1.3.18946"/>
    <property name="Info/OriginalDateTime" value="2024:11:08 08:49:00"/>
    <property name="Info/OriginalSoftwareVersion" value="2.1.3.18946"/>
    <property name="MatchPhotos/cameras" value=""/>
    <property name="MatchPhotos/descriptor_type" value="binary"/>
    <property name="MatchPhotos/descriptor_version" value="1.1.0"/>
    <property name="MatchPhotos/downscale" value="4"/>
    <property name="MatchPhotos/downscale_3d" value="1"/>
    <property name="MatchPhotos/duration" value="585.972551"/>
    <property name="MatchPhotos/filter_stationary_points" value="true"/>
    <property name="MatchPhotos/generic_preselection" value="true"/>
    <property name="MatchPhotos/guided_matching" value="false"/>
    <property name="MatchPhotos/keep_keypoints" value="false"/>
    <property name="MatchPhotos/keypoint_limit" value="40000"/>
    <property name="MatchPhotos/keypoint_limit_3d" value="100000"/>
    <property name="MatchPhotos/keypoint_limit_per_mpx" value="1000"/>
    <property name="MatchPhotos/laser_scans_vertical_axis" value="0"/>
    <property name="MatchPhotos/match_laser_scans" value="false"/>
    <property name="MatchPhotos/max_workgroup_size" value="100"/>
    <property name="MatchPhotos/ram_used" value="134299648"/>
    <property name="MatchPhotos/reference_preselection" value="true"/>
    <property name="MatchPhotos/reference_preselection_mode" value="0"/>
    <property name="MatchPhotos/reset_matches" value="false"/>
    <property name="MatchPhotos/subdivide_task" value="true"/>
    <property name="MatchPhotos/tiepoint_limit" value="4000"/>
    <property name="MatchPhotos/workitem_size_cameras" value="20"/>
    <property name="MatchPhotos/workitem_size_pairs" value="80"/>
  </meta>
</point_cloud>
