<?xml version="1.0" encoding="UTF-8"?>
<thumbnails version="1.2.0">
  <thumbnail camera_id="3" path="c3.jpg"/>
  <thumbnail camera_id="199" path="c199.jpg"/>
  <thumbnail camera_id="236" path="c236.jpg"/>
  <thumbnail camera_id="237" path="c237.jpg"/>
  <thumbnail camera_id="238" path="c238.jpg"/>
  <thumbnail camera_id="239" path="c239.jpg"/>
  <thumbnail camera_id="240" path="c240.jpg"/>
  <thumbnail camera_id="241" path="c241.jpg"/>
  <thumbnail camera_id="242" path="c242.jpg"/>
  <thumbnail camera_id="243" path="c243.jpg"/>
  <thumbnail camera_id="244" path="c244.jpg"/>
  <thumbnail camera_id="245" path="c245.jpg"/>
  <thumbnail camera_id="246" path="c246.jpg"/>
  <thumbnail camera_id="247" path="c247.jpg"/>
  <thumbnail camera_id="248" path="c248.jpg"/>
  <thumbnail camera_id="249" path="c249.jpg"/>
  <thumbnail camera_id="250" path="c250.jpg"/>
  <thumbnail camera_id="251" path="c251.jpg"/>
  <thumbnail camera_id="252" path="c252.jpg"/>
  <thumbnail camera_id="253" path="c253.jpg"/>
  <thumbnail camera_id="254" path="c254.jpg"/>
  <thumbnail camera_id="255" path="c255.jpg"/>
  <thumbnail camera_id="256" path="c256.jpg"/>
  <thumbnail camera_id="257" path="c257.jpg"/>
  <thumbnail camera_id="258" path="c258.jpg"/>
  <thumbnail camera_id="259" path="c259.jpg"/>
  <thumbnail camera_id="260" path="c260.jpg"/>
  <thumbnail camera_id="261" path="c261.jpg"/>
  <thumbnail camera_id="262" path="c262.jpg"/>
  <thumbnail camera_id="263" path="c263.jpg"/>
  <thumbnail camera_id="264" path="c264.jpg"/>
  <thumbnail camera_id="265" path="c265.jpg"/>
  <thumbnail camera_id="266" path="c266.jpg"/>
  <thumbnail camera_id="267" path="c267.jpg"/>
  <thumbnail camera_id="268" path="c268.jpg"/>
  <thumbnail camera_id="269" path="c269.jpg"/>
  <thumbnail camera_id="270" path="c270.jpg"/>
  <thumbnail camera_id="271" path="c271.jpg"/>
  <thumbnail camera_id="272" path="c272.jpg"/>
  <thumbnail camera_id="273" path="c273.jpg"/>
  <thumbnail camera_id="274" path="c274.jpg"/>
  <thumbnail camera_id="275" path="c275.jpg"/>
  <thumbnail camera_id="276" path="c276.jpg"/>
  <thumbnail camera_id="277" path="c277.jpg"/>
  <thumbnail camera_id="278" path="c278.jpg"/>
  <thumbnail camera_id="279" path="c279.jpg"/>
  <thumbnail camera_id="280" path="c280.jpg"/>
  <thumbnail camera_id="281" path="c281.jpg"/>
  <thumbnail camera_id="282" path="c282.jpg"/>
  <thumbnail camera_id="283" path="c283.jpg"/>
  <thumbnail camera_id="284" path="c284.jpg"/>
  <thumbnail camera_id="285" path="c285.jpg"/>
  <thumbnail camera_id="286" path="c286.jpg"/>
  <thumbnail camera_id="287" path="c287.jpg"/>
  <thumbnail camera_id="288" path="c288.jpg"/>
  <thumbnail camera_id="289" path="c289.jpg"/>
  <thumbnail camera_id="290" path="c290.jpg"/>
  <thumbnail camera_id="291" path="c291.jpg"/>
  <thumbnail camera_id="292" path="c292.jpg"/>
  <thumbnail camera_id="293" path="c293.jpg"/>
  <thumbnail camera_id="294" path="c294.jpg"/>
  <thumbnail camera_id="295" path="c295.jpg"/>
  <thumbnail camera_id="296" path="c296.jpg"/>
  <thumbnail camera_id="297" path="c297.jpg"/>
  <thumbnail camera_id="298" path="c298.jpg"/>
  <thumbnail camera_id="299" path="c299.jpg"/>
  <thumbnail camera_id="300" path="c300.jpg"/>
  <thumbnail camera_id="301" path="c301.jpg"/>
  <thumbnail camera_id="302" path="c302.jpg"/>
  <thumbnail camera_id="303" path="c303.jpg"/>
  <thumbnail camera_id="304" path="c304.jpg"/>
  <thumbnail camera_id="305" path="c305.jpg"/>
  <thumbnail camera_id="306" path="c306.jpg"/>
  <thumbnail camera_id="307" path="c307.jpg"/>
  <thumbnail camera_id="308" path="c308.jpg"/>
  <thumbnail camera_id="309" path="c309.jpg"/>
  <thumbnail camera_id="310" path="c310.jpg"/>
  <thumbnail camera_id="311" path="c311.jpg"/>
  <thumbnail camera_id="312" path="c312.jpg"/>
  <thumbnail camera_id="313" path="c313.jpg"/>
  <thumbnail camera_id="314" path="c314.jpg"/>
  <thumbnail camera_id="315" path="c315.jpg"/>
  <thumbnail camera_id="316" path="c316.jpg"/>
  <thumbnail camera_id="317" path="c317.jpg"/>
  <thumbnail camera_id="318" path="c318.jpg"/>
  <thumbnail camera_id="319" path="c319.jpg"/>
  <thumbnail camera_id="320" path="c320.jpg"/>
  <thumbnail camera_id="321" path="c321.jpg"/>
  <thumbnail camera_id="322" path="c322.jpg"/>
  <thumbnail camera_id="323" path="c323.jpg"/>
  <thumbnail camera_id="324" path="c324.jpg"/>
  <thumbnail camera_id="325" path="c325.jpg"/>
  <thumbnail camera_id="326" path="c326.jpg"/>
  <thumbnail camera_id="327" path="c327.jpg"/>
  <thumbnail camera_id="328" path="c328.jpg"/>
  <thumbnail camera_id="329" path="c329.jpg"/>
  <thumbnail camera_id="330" path="c330.jpg"/>
  <thumbnail camera_id="331" path="c331.jpg"/>
  <thumbnail camera_id="332" path="c332.jpg"/>
</thumbnails>
